school_name,school_type,region,state,grade,year,students_enrolled,students_approved,students_failed,approval_rate,math_score,portuguese_score,science_score,humanities_score,essay_score,average_score,teachers_count,infrastructure_score
Escola 001,Pública Federal,Sul,SC,1º Ano,2024,37,32,5,86.5,707.7,687.7,609.9,571.7,746.3,664.7,14,4.1
Escola 001,Pública Federal,Sul,SC,2º Ano,2024,37,29,8,78.4,553.5,579.4,507.4,489.1,772.0,580.3,4,9.4
Escola 001,Pública Federal,Sul,SC,3º Ano,2024,42,39,3,92.9,657.8,723.6,554.7,550.6,809.5,659.2,11,8.5
Escola 002,Privada,Centro-Oeste,GO,1º Ano,2024,20,16,4,80.0,467.1,511.5,649.2,649.8,842.2,624.0,10,3.1
Escola 002,Privada,Centro-Oeste,GO,2º Ano,2024,26,22,4,84.6,501.0,696.8,577.5,555.3,744.9,615.1,5,5.2
Escola 002,Privada,Centro-Oeste,GO,3º Ano,2024,28,24,4,85.7,638.1,761.5,597.7,619.3,510.4,625.4,6,4.1
Escola 003,Pública Federal,Sudeste,SP,1º Ano,2024,27,23,4,85.2,489.4,708.6,474.2,509.0,801.0,596.4,12,6.0
Escola 003,Pública Federal,Sudeste,SP,2º Ano,2024,39,30,9,76.9,699.8,578.0,552.9,722.0,562.3,623.0,6,6.0
Escola 003,Pública Federal,Sudeste,SP,3º Ano,2024,40,28,12,70.0,678.8,607.9,701.0,640.4,584.6,642.5,14,3.2
Escola 004,Pública Estadual,Sul,SC,1º Ano,2024,23,18,5,78.3,578.8,730.7,622.0,515.3,862.4,661.8,10,4.9
Escola 004,Pública Estadual,Sul,SC,2º Ano,2024,25,18,7,72.0,512.4,570.9,610.0,656.4,724.7,614.9,13,7.0
Escola 004,Pública Estadual,Sul,SC,3º Ano,2024,31,29,2,93.5,731.0,599.3,476.6,718.1,739.2,652.8,14,5.1
Escola 005,Pública Municipal,Centro-Oeste,MT,1º Ano,2024,29,20,9,69.0,539.6,589.3,514.1,584.1,838.4,613.1,15,5.9
Escola 005,Pública Municipal,Centro-Oeste,MT,2º Ano,2024,37,34,3,91.9,743.7,532.6,709.9,713.1,807.9,701.4,8,6.5
Escola 005,Pública Municipal,Centro-Oeste,MT,3º Ano,2024,29,27,2,93.1,581.1,655.1,693.6,554.0,698.7,636.5,14,3.0
Escola 006,Pública Municipal,Centro-Oeste,MS,1º Ano,2024,31,28,3,90.3,465.7,619.2,649.7,621.1,869.4,645.0,8,3.4
Escola 006,Pública Municipal,Centro-Oeste,MS,2º Ano,2024,31,26,5,83.9,451.6,664.9,687.1,689.3,665.1,631.6,10,3.0
Escola 006,Pública Municipal,Centro-Oeste,MS,3º Ano,2024,25,20,5,80.0,563.4,663.1,620.5,482.1,791.8,624.2,3,8.1
Escola 007,Pública Federal,Norte,AC,1º Ano,2024,20,17,3,85.0,638.4,546.1,643.1,682.9,573.4,616.8,8,3.2
Escola 007,Pública Federal,Norte,AC,2º Ano,2024,29,21,8,72.4,492.7,619.4,460.0,677.6,755.7,601.1,3,7.2
Escola 007,Pública Federal,Norte,AC,3º Ano,2024,25,18,7,72.0,502.4,535.3,661.6,528.3,505.0,546.5,12,8.3
Escola 008,Pública Federal,Nordeste,AL,1º Ano,2024,24,22,2,91.7,563.4,577.3,646.9,700.6,617.5,621.1,10,4.7
Escola 008,Pública Federal,Nordeste,AL,2º Ano,2024,35,30,5,85.7,544.5,509.3,635.0,716.4,610.3,603.1,15,8.2
Escola 008,Pública Federal,Nordeste,AL,3º Ano,2024,39,29,10,74.4,745.5,573.9,693.4,727.4,590.8,666.2,11,8.6
Escola 009,Pública Federal,Centro-Oeste,DF,1º Ano,2024,33,27,6,81.8,516.9,584.5,658.1,638.4,784.9,636.6,5,3.9
Escola 009,Pública Federal,Centro-Oeste,DF,2º Ano,2024,42,34,8,81.0,653.9,503.8,717.8,618.5,517.7,602.3,11,3.6
Escola 009,Pública Federal,Centro-Oeste,DF,3º Ano,2024,41,31,10,75.6,622.5,554.8,476.5,490.7,857.5,600.4,9,4.6
Escola 010,Privada,Sudeste,SP,1º Ano,2024,21,16,5,76.2,450.9,681.8,655.4,627.3,655.8,614.2,4,7.0
Escola 010,Privada,Sudeste,SP,2º Ano,2024,34,31,3,91.2,738.6,498.5,680.2,564.2,696.3,635.6,15,6.4
Escola 010,Privada,Sudeste,SP,3º Ano,2024,28,25,3,89.3,747.6,587.3,651.2,513.7,506.6,601.3,7,4.1
Escola 011,Pública Federal,Sudeste,RJ,1º Ano,2024,37,31,6,83.8,734.8,576.2,608.3,686.6,718.9,665.0,5,5.1
Escola 011,Pública Federal,Sudeste,RJ,2º Ano,2024,21,18,3,85.7,543.2,580.4,690.6,627.6,729.5,634.3,10,5.4
Escola 011,Pública Federal,Sudeste,RJ,3º Ano,2024,34,30,4,88.2,744.4,774.7,682.3,685.4,731.7,723.7,9,7.3
Escola 012,Pública Municipal,Norte,AM,1º Ano,2024,41,33,8,80.5,532.7,543.4,554.9,496.1,826.9,590.8,7,8.1
Escola 012,Pública Municipal,Norte,AM,2º Ano,2024,37,27,10,73.0,704.3,574.0,661.9,563.6,831.9,667.1,11,9.3
Escola 012,Pública Municipal,Norte,AM,3º Ano,2024,35,28,7,80.0,468.5,602.8,621.0,504.2,554.6,550.2,12,8.5
Escola 013,Pública Municipal,Nordeste,AL,1º Ano,2024,38,32,6,84.2,717.3,659.4,573.1,475.4,709.5,626.9,5,6.2
Escola 013,Pública Municipal,Nordeste,AL,2º Ano,2024,23,16,7,69.6,500.9,547.6,671.7,641.1,510.9,574.4,12,8.0
Escola 013,Pública Municipal,Nordeste,AL,3º Ano,2024,28,22,6,78.6,625.9,713.3,611.7,556.9,812.4,664.0,6,7.6
Escola 014,Pública Federal,Sul,PR,1º Ano,2024,31,28,3,90.3,648.1,540.1,583.9,617.4,704.8,618.9,14,4.7
Escola 014,Pública Federal,Sul,PR,2º Ano,2024,42,30,12,71.4,669.7,700.6,691.6,607.5,848.3,703.5,4,6.6
Escola 014,Pública Federal,Sul,PR,3º Ano,2024,22,18,4,81.8,648.7,736.5,637.0,501.2,592.2,623.1,15,6.1
Escola 015,Pública Federal,Sul,RS,1º Ano,2024,26,18,8,69.2,520.5,562.6,623.7,585.0,767.7,611.9,15,8.0
Escola 015,Pública Federal,Sul,RS,2º Ano,2024,24,19,5,79.2,595.5,660.5,522.4,663.9,694.1,627.3,12,7.2
Escola 015,Pública Federal,Sul,RS,3º Ano,2024,36,31,5,86.1,507.6,764.3,504.9,483.1,703.0,592.6,5,4.2
Escola 016,Pública Municipal,Nordeste,PB,1º Ano,2024,36,27,9,75.0,694.2,551.8,542.7,627.0,706.0,624.3,15,6.7
Escola 016,Pública Municipal,Nordeste,PB,2º Ano,2024,33,30,3,90.9,625.8,622.7,668.8,478.9,616.4,602.5,5,7.3
Escola 016,Pública Municipal,Nordeste,PB,3º Ano,2024,30,28,2,93.3,627.4,484.5,663.3,634.3,704.5,622.8,5,3.9
Escola 017,Pública Municipal,Norte,AM,1º Ano,2024,42,30,12,71.4,690.2,676.0,706.0,528.0,750.7,670.2,4,4.6
Escola 017,Pública Municipal,Norte,AM,2º Ano,2024,35,30,5,85.7,512.9,490.5,716.6,705.9,835.9,652.4,14,7.3
Escola 017,Pública Municipal,Norte,AM,3º Ano,2024,38,28,10,73.7,662.2,671.7,589.5,528.0,868.7,664.0,11,3.7
Escola 018,Privada,Centro-Oeste,GO,1º Ano,2024,44,32,12,72.7,474.5,743.6,682.7,629.4,871.0,680.2,10,7.0
Escola 018,Privada,Centro-Oeste,GO,2º Ano,2024,37,29,8,78.4,536.3,532.7,484.0,717.8,503.5,554.9,3,5.7
Escola 018,Privada,Centro-Oeste,GO,3º Ano,2024,21,17,4,81.0,733.5,727.0,529.6,588.8,810.0,677.8,9,5.8
Escola 019,Pública Federal,Sul,SC,1º Ano,2024,24,21,3,87.5,488.4,706.9,523.8,658.2,517.5,579.0,4,3.7
Escola 019,Pública Federal,Sul,SC,2º Ano,2024,28,21,7,75.0,631.7,642.5,639.1,725.8,828.2,693.5,8,3.2
Escola 019,Pública Federal,Sul,SC,3º Ano,2024,24,21,3,87.5,474.8,727.6,534.2,714.5,872.2,664.7,7,5.3
Escola 020,Pública Federal,Centro-Oeste,MS,1º Ano,2024,24,18,6,75.0,589.9,524.0,693.8,484.3,695.8,597.6,15,8.4
Escola 020,Pública Federal,Centro-Oeste,MS,2º Ano,2024,24,20,4,83.3,584.3,588.2,520.0,536.9,500.8,546.0,7,8.3
Escola 020,Pública Federal,Centro-Oeste,MS,3º Ano,2024,30,21,9,70.0,535.1,557.6,569.4,678.3,694.0,606.9,11,3.4
Escola 021,Pública Federal,Nordeste,CE,1º Ano,2024,30,22,8,73.3,716.2,706.9,598.9,677.3,619.2,663.7,8,8.6
Escola 021,Pública Federal,Nordeste,CE,2º Ano,2024,37,31,6,83.8,718.5,555.0,715.1,593.7,723.2,661.1,5,3.5
Escola 021,Pública Federal,Nordeste,CE,3º Ano,2024,39,28,11,71.8,683.1,690.9,620.5,599.8,604.3,639.7,6,7.0
Escola 022,Privada,Norte,AC,1º Ano,2024,24,21,3,87.5,748.9,701.3,719.6,535.4,560.6,653.2,7,3.8
Escola 022,Privada,Norte,AC,2º Ano,2024,30,28,2,93.3,746.5,480.5,512.9,607.0,584.2,586.2,15,3.6
Escola 022,Privada,Norte,AC,3º Ano,2024,29,23,6,79.3,504.1,772.4,682.4,707.6,517.4,636.8,7,8.9
Escola 023,Privada,Nordeste,MA,1º Ano,2024,35,24,11,68.6,652.4,736.8,521.4,531.0,866.8,661.7,12,6.6
Escola 023,Privada,Nordeste,MA,2º Ano,2024,40,33,7,82.5,596.9,616.8,518.8,566.9,538.8,567.6,3,6.5
Escola 023,Privada,Nordeste,MA,3º Ano,2024,36,26,10,72.2,642.0,589.7,637.4,612.0,814.1,659.0,5,9.3
Escola 024,Pública Estadual,Sul,RS,1º Ano,2024,36,30,6,83.3,690.0,711.3,556.1,496.0,524.4,595.6,11,5.3
Escola 024,Pública Estadual,Sul,RS,2º Ano,2024,36,30,6,83.3,656.7,634.8,644.6,494.3,549.0,595.9,4,8.2
Escola 024,Pública Estadual,Sul,RS,3º Ano,2024,39,33,6,84.6,504.4,516.0,672.7,654.8,594.1,588.4,5,8.1
Escola 025,Pública Municipal,Norte,RO,1º Ano,2024,26,19,7,73.1,725.5,703.6,692.2,553.0,575.2,649.9,7,4.3
Escola 025,Pública Municipal,Norte,RO,2º Ano,2024,29,24,5,82.8,586.1,509.6,614.9,503.2,505.0,543.8,3,8.4
Escola 025,Pública Municipal,Norte,RO,3º Ano,2024,38,33,5,86.8,514.7,567.3,532.0,521.0,750.7,577.1,15,8.4
Escola 026,Pública Municipal,Sudeste,SP,1º Ano,2024,41,36,5,87.8,678.9,547.5,557.8,527.6,617.4,585.8,6,3.0
Escola 026,Pública Municipal,Sudeste,SP,2º Ano,2024,36,31,5,86.1,649.5,709.5,504.4,536.2,701.1,620.1,12,7.8
Escola 026,Pública Municipal,Sudeste,SP,3º Ano,2024,35,25,10,71.4,490.6,753.2,503.4,598.9,824.5,634.1,12,5.8
Escola 027,Pública Municipal,Sudeste,RJ,1º Ano,2024,29,26,3,89.7,620.7,630.9,672.0,516.6,806.1,649.3,7,4.9
Escola 027,Pública Municipal,Sudeste,RJ,2º Ano,2024,39,30,9,76.9,749.9,612.2,608.3,633.4,530.8,626.9,5,8.3
Escola 027,Pública Municipal,Sudeste,RJ,3º Ano,2024,37,27,10,73.0,477.0,712.3,580.5,601.8,642.7,602.9,9,5.6
Escola 028,Pública Municipal,Sudeste,SP,1º Ano,2024,21,16,5,76.2,539.0,486.3,497.4,583.8,523.6,526.0,13,8.6
Escola 028,Pública Municipal,Sudeste,SP,2º Ano,2024,27,19,8,70.4,491.3,733.1,555.7,476.4,513.5,554.0,6,5.5
Escola 028,Pública Municipal,Sudeste,SP,3º Ano,2024,33,29,4,87.9,554.6,738.3,522.2,672.5,894.3,676.4,13,4.5
Escola 029,Pública Federal,Norte,AP,1º Ano,2024,45,32,13,71.1,658.0,560.8,696.5,600.8,846.3,672.5,6,8.6
Escola 029,Pública Federal,Norte,AP,2º Ano,2024,25,18,7,72.0,627.7,503.3,501.3,575.8,892.9,620.2,10,9.3
Escola 029,Pública Federal,Norte,AP,3º Ano,2024,30,27,3,90.0,478.0,658.7,595.5,478.1,848.2,611.7,15,7.7
Escola 030,Pública Municipal,Sul,SC,1º Ano,2024,24,18,6,75.0,457.4,491.1,663.4,645.1,722.8,596.0,5,7.4
Escola 030,Pública Municipal,Sul,SC,2º Ano,2024,25,22,3,88.0,495.7,527.9,533.2,701.4,657.3,583.1,15,7.6
Escola 030,Pública Municipal,Sul,SC,3º Ano,2024,28,23,5,82.1,516.8,503.1,616.5,547.2,641.6,565.0,12,9.2
Escola 031,Pública Municipal,Sul,SC,1º Ano,2024,30,22,8,73.3,749.7,757.6,691.2,511.2,872.5,716.4,10,4.0
Escola 031,Pública Municipal,Sul,SC,2º Ano,2024,28,22,6,78.6,585.6,595.2,679.7,513.5,864.6,647.7,10,5.5
Escola 031,Pública Municipal,Sul,SC,3º Ano,2024,35,27,8,77.1,582.1,483.6,669.2,728.7,634.1,619.5,5,7.9
Escola 032,Pública Federal,Sul,PR,1º Ano,2024,21,16,5,76.2,684.5,558.2,716.8,565.2,741.7,653.3,11,3.3
Escola 032,Pública Federal,Sul,PR,2º Ano,2024,28,21,7,75.0,474.9,732.6,709.6,711.0,516.0,628.8,13,4.2
Escola 032,Pública Federal,Sul,PR,3º Ano,2024,44,39,5,88.6,636.7,753.8,517.7,498.2,518.6,585.0,8,5.5
Escola 033,Pública Federal,Sul,PR,1º Ano,2024,39,30,9,76.9,728.1,508.8,653.0,660.1,772.7,664.5,7,8.3
Escola 033,Pública Federal,Sul,PR,2º Ano,2024,28,19,9,67.9,554.2,683.0,527.9,688.6,686.1,628.0,15,3.4
Escola 033,Pública Federal,Sul,PR,3º Ano,2024,36,28,8,77.8,614.4,639.4,593.0,558.0,787.3,638.4,8,8.8
Escola 034,Pública Estadual,Norte,RO,1º Ano,2024,30,22,8,73.3,618.6,591.9,619.4,619.4,808.8,651.6,14,6.1
Escola 034,Pública Estadual,Norte,RO,2º Ano,2024,24,18,6,75.0,537.7,528.6,611.0,725.7,792.5,639.1,7,4.4
Escola 034,Pública Estadual,Norte,RO,3º Ano,2024,36,26,10,72.2,593.2,601.1,526.5,724.7,854.5,660.0,11,5.1
Escola 035,Privada,Centro-Oeste,MS,1º Ano,2024,45,36,9,80.0,504.4,575.2,474.7,603.0,633.4,558.1,3,6.5
Escola 035,Privada,Centro-Oeste,MS,2º Ano,2024,32,30,2,93.8,606.7,713.3,690.4,538.0,543.3,618.3,12,8.9
Escola 035,Privada,Centro-Oeste,MS,3º Ano,2024,41,37,4,90.2,497.6,565.0,585.4,637.9,757.0,608.6,12,6.9
Escola 036,Privada,Nordeste,CE,1º Ano,2024,26,21,5,80.8,481.7,743.1,648.2,659.3,749.1,656.3,15,5.4
Escola 036,Privada,Nordeste,CE,2º Ano,2024,39,33,6,84.6,507.2,502.1,659.3,690.3,640.3,599.8,3,5.4
Escola 036,Privada,Nordeste,CE,3º Ano,2024,25,17,8,68.0,665.5,592.9,517.5,634.1,526.0,587.2,7,8.2
Escola 037,Pública Federal,Sudeste,ES,1º Ano,2024,25,21,4,84.0,699.4,677.0,478.5,484.9,670.9,602.1,8,6.4
Escola 037,Pública Federal,Sudeste,ES,2º Ano,2024,20,15,5,75.0,684.2,546.6,644.4,670.7,789.2,667.0,12,4.7
Escola 037,Pública Federal,Sudeste,ES,3º Ano,2024,22,20,2,90.9,586.8,729.7,690.0,665.1,879.8,710.3,10,3.2
Escola 038,Privada,Sudeste,MG,1º Ano,2024,33,29,4,87.9,627.3,645.6,583.8,651.5,690.3,639.7,13,3.7
Escola 038,Privada,Sudeste,MG,2º Ano,2024,33,29,4,87.9,688.4,614.2,618.5,597.5,665.5,636.8,3,3.5
Escola 038,Privada,Sudeste,MG,3º Ano,2024,20,18,2,90.0,641.2,753.6,671.9,592.4,520.6,635.9,12,7.5
Escola 039,Pública Municipal,Sudeste,RJ,1º Ano,2024,24,19,5,79.2,652.7,714.7,559.1,695.3,717.7,667.9,9,3.6
Escola 039,Pública Municipal,Sudeste,RJ,2º Ano,2024,36,33,3,91.7,685.9,723.2,470.7,599.9,831.7,662.3,4,3.0
Escola 039,Pública Municipal,Sudeste,RJ,3º Ano,2024,24,21,3,87.5,489.7,515.0,642.6,615.5,587.3,570.0,12,3.3
Escola 040,Pública Municipal,Sudeste,SP,1º Ano,2024,22,19,3,86.4,718.0,752.6,650.8,617.2,815.9,710.9,14,6.8
Escola 040,Pública Municipal,Sudeste,SP,2º Ano,2024,20,17,3,85.0,724.8,610.9,594.7,594.0,525.9,610.1,4,4.8
Escola 040,Pública Municipal,Sudeste,SP,3º Ano,2024,29,20,9,69.0,687.4,762.0,718.0,529.6,571.8,653.8,5,7.8
Escola 041,Pública Federal,Sudeste,ES,1º Ano,2024,28,25,3,89.3,723.6,755.1,703.6,601.8,654.5,687.7,9,5.9
Escola 041,Pública Federal,Sudeste,ES,2º Ano,2024,23,16,7,69.6,712.3,485.9,663.5,681.3,601.3,628.9,7,8.1
Escola 041,Pública Federal,Sudeste,ES,3º Ano,2024,39,31,8,79.5,548.1,771.6,643.6,710.1,562.7,647.2,14,3.5
Escola 042,Pública Estadual,Nordeste,PB,1º Ano,2024,40,33,7,82.5,549.4,620.0,549.8,687.7,631.5,607.7,5,4.9
Escola 042,Pública Estadual,Nordeste,PB,2º Ano,2024,28,24,4,85.7,491.5,544.6,710.9,516.7,546.1,562.0,10,7.1
Escola 042,Pública Estadual,Nordeste,PB,3º Ano,2024,29,23,6,79.3,599.3,517.5,638.4,520.5,501.0,555.3,3,5.6
Escola 043,Pública Estadual,Centro-Oeste,GO,1º Ano,2024,20,15,5,75.0,683.4,604.6,570.6,660.3,826.7,669.1,7,5.0
Escola 043,Pública Estadual,Centro-Oeste,GO,2º Ano,2024,25,18,7,72.0,673.7,646.4,589.7,520.8,524.7,591.1,7,7.0
Escola 043,Pública Estadual,Centro-Oeste,GO,3º Ano,2024,27,19,8,70.4,623.6,596.0,561.8,586.8,834.7,640.6,5,6.7
Escola 044,Pública Municipal,Sul,PR,1º Ano,2024,39,35,4,89.7,733.6,573.6,618.6,488.2,892.3,661.3,3,4.7
Escola 044,Pública Municipal,Sul,PR,2º Ano,2024,42,34,8,81.0,745.2,569.3,719.4,555.2,602.8,638.4,8,7.1
Escola 044,Pública Municipal,Sul,PR,3º Ano,2024,28,24,4,85.7,722.8,583.3,580.1,716.1,598.0,640.1,13,5.9
Escola 045,Pública Federal,Sul,SC,1º Ano,2024,25,20,5,80.0,673.9,543.6,679.0,605.5,839.6,668.3,15,4.4
Escola 045,Pública Federal,Sul,SC,2º Ano,2024,45,40,5,88.9,691.7,710.3,570.8,553.3,802.5,665.7,11,7.1
Escola 045,Pública Federal,Sul,SC,3º Ano,2024,24,19,5,79.2,541.5,658.2,667.7,725.0,775.4,673.6,8,7.1
Escola 046,Pública Municipal,Sul,PR,1º Ano,2024,20,17,3,85.0,496.6,510.0,538.1,570.0,630.5,549.0,12,4.9
Escola 046,Pública Municipal,Sul,PR,2º Ano,2024,26,21,5,80.8,615.9,775.0,515.9,724.9,622.3,650.8,8,7.7
Escola 046,Pública Municipal,Sul,PR,3º Ano,2024,26,20,6,76.9,575.2,722.7,716.3,671.3,709.5,679.0,14,8.0
Escola 047,Pública Federal,Norte,AP,1º Ano,2024,31,24,7,77.4,720.5,524.6,461.4,674.7,588.4,593.9,14,7.0
Escola 047,Pública Federal,Norte,AP,2º Ano,2024,20,14,6,70.0,519.8,670.7,626.1,489.0,744.6,610.0,8,7.4
Escola 047,Pública Federal,Norte,AP,3º Ano,2024,35,32,3,91.4,479.8,573.2,483.2,710.6,642.5,577.9,15,6.4
Escola 048,Privada,Sul,RS,1º Ano,2024,22,17,5,77.3,632.9,528.1,479.1,563.1,685.1,577.7,14,9.0
Escola 048,Privada,Sul,RS,2º Ano,2024,30,21,9,70.0,682.7,592.9,693.6,586.6,755.0,662.2,3,5.4
Escola 048,Privada,Sul,RS,3º Ano,2024,34,30,4,88.2,631.7,715.7,495.6,696.7,648.3,637.6,3,7.3
Escola 049,Pública Municipal,Sudeste,SP,1º Ano,2024,40,33,7,82.5,529.4,546.3,469.2,589.5,590.1,544.9,15,3.1
Escola 049,Pública Municipal,Sudeste,SP,2º Ano,2024,32,25,7,78.1,619.8,523.8,627.2,633.4,721.4,625.1,13,6.4
Escola 049,Pública Municipal,Sudeste,SP,3º Ano,2024,32,29,3,90.6,730.3,741.4,670.6,578.5,590.5,662.3,13,3.7
Escola 050,Pública Federal,Sul,RS,1º Ano,2024,43,30,13,69.8,551.9,737.9,590.8,691.8,844.5,683.4,4,4.8
Escola 050,Pública Federal,Sul,RS,2º Ano,2024,28,25,3,89.3,739.4,609.6,692.7,504.8,588.3,627.0,15,5.4
Escola 050,Pública Federal,Sul,RS,3º Ano,2024,45,34,11,75.6,564.4,513.6,704.5,601.6,580.7,593.0,14,6.3
Escola 051,Pública Municipal,Norte,AC,1º Ano,2024,29,25,4,86.2,490.3,642.1,614.7,551.4,624.3,584.6,3,5.3
Escola 051,Pública Municipal,Norte,AC,2º Ano,2024,29,25,4,86.2,527.9,647.3,611.8,597.0,634.4,603.7,15,6.3
Escola 051,Pública Municipal,Norte,AC,3º Ano,2024,38,31,7,81.6,697.1,675.5,546.8,627.9,865.0,682.5,11,9.1
Escola 052,Pública Estadual,Sul,SC,1º Ano,2024,30,23,7,76.7,538.5,698.4,703.8,509.4,508.5,591.7,4,5.0
Escola 052,Pública Estadual,Sul,SC,2º Ano,2024,38,32,6,84.2,485.5,708.3,677.6,585.8,628.7,617.2,7,5.4
Escola 052,Pública Estadual,Sul,SC,3º Ano,2024,38,33,5,86.8,644.7,696.4,574.4,631.2,652.1,639.8,5,9.3
Escola 053,Privada,Centro-Oeste,GO,1º Ano,2024,45,33,12,73.3,620.0,720.4,700.9,660.1,503.4,641.0,14,7.4
Escola 053,Privada,Centro-Oeste,GO,2º Ano,2024,24,20,4,83.3,671.5,762.7,614.7,693.8,573.3,663.2,13,5.4
Escola 053,Privada,Centro-Oeste,GO,3º Ano,2024,42,31,11,73.8,702.8,626.2,654.0,497.4,826.9,661.5,5,5.0
Escola 054,Privada,Sudeste,SP,1º Ano,2024,27,25,2,92.6,671.4,515.1,575.7,501.7,595.0,571.8,6,5.4
Escola 054,Privada,Sudeste,SP,2º Ano,2024,26,20,6,76.9,717.5,729.7,624.3,502.3,534.6,621.7,9,6.8
Escola 054,Privada,Sudeste,SP,3º Ano,2024,29,21,8,72.4,598.6,644.3,478.2,712.3,592.4,605.2,13,8.7
Escola 055,Pública Estadual,Nordeste,PI,1º Ano,2024,41,34,7,82.9,723.9,754.2,663.7,542.4,858.6,708.6,15,9.5
Escola 055,Pública Estadual,Nordeste,PI,2º Ano,2024,30,24,6,80.0,666.5,625.2,618.8,674.4,579.6,632.9,15,4.3
Escola 055,Pública Estadual,Nordeste,PI,3º Ano,2024,23,18,5,78.3,680.2,480.1,615.9,506.7,719.8,600.5,13,6.5
Escola 056,Privada,Centro-Oeste,MT,1º Ano,2024,24,20,4,83.3,591.6,579.2,541.8,573.2,675.9,592.3,5,3.3
Escola 056,Privada,Centro-Oeste,MT,2º Ano,2024,38,30,8,78.9,733.2,763.5,469.4,569.8,746.4,656.5,4,7.4
Escola 056,Privada,Centro-Oeste,MT,3º Ano,2024,40,29,11,72.5,669.8,574.1,682.4,572.9,631.9,626.2,7,4.9
Escola 057,Privada,Nordeste,MA,1º Ano,2024,26,18,8,69.2,721.6,506.1,559.2,635.7,716.8,627.9,7,9.3
Escola 057,Privada,Nordeste,MA,2º Ano,2024,25,19,6,76.0,702.9,509.8,470.7,656.3,762.5,620.4,3,7.7
Escola 057,Privada,Nordeste,MA,3º Ano,2024,44,41,3,93.2,524.9,549.3,556.0,501.8,630.1,552.4,5,3.9
Escola 058,Pública Municipal,Norte,TO,1º Ano,2024,31,24,7,77.4,509.8,748.5,677.5,661.0,596.2,638.6,12,6.4
Escola 058,Pública Municipal,Norte,TO,2º Ano,2024,34,24,10,70.6,651.0,633.4,637.2,717.8,623.2,652.5,6,3.2
Escola 058,Pública Municipal,Norte,TO,3º Ano,2024,34,29,5,85.3,684.8,724.5,658.5,721.4,795.2,716.9,10,9.0
Escola 059,Pública Municipal,Nordeste,AL,1º Ano,2024,43,38,5,88.4,553.9,510.1,514.6,574.4,580.3,546.7,5,8.8
Escola 059,Pública Municipal,Nordeste,AL,2º Ano,2024,27,24,3,88.9,735.5,552.7,572.7,480.3,682.7,604.8,8,6.0
Escola 059,Pública Municipal,Nordeste,AL,3º Ano,2024,36,32,4,88.9,571.2,496.7,719.9,518.6,862.5,633.8,8,3.2
Escola 060,Privada,Norte,AC,1º Ano,2024,21,19,2,90.5,622.7,682.1,465.0,713.5,784.7,653.6,9,3.5
Escola 060,Privada,Norte,AC,2º Ano,2024,21,16,5,76.2,634.9,591.7,683.5,661.2,554.4,625.1,15,9.4
Escola 060,Privada,Norte,AC,3º Ano,2024,35,26,9,74.3,482.2,692.7,476.7,644.8,505.6,560.4,15,8.4
Escola 061,Pública Estadual,Centro-Oeste,MS,1º Ano,2024,36,27,9,75.0,703.1,575.5,664.8,570.8,502.8,603.4,4,6.6
Escola 061,Pública Estadual,Centro-Oeste,MS,2º Ano,2024,41,30,11,73.2,720.5,626.5,560.7,526.4,855.0,657.8,4,6.9
Escola 061,Pública Estadual,Centro-Oeste,MS,3º Ano,2024,42,36,6,85.7,639.4,523.5,481.1,494.7,737.0,575.1,15,4.4
Escola 062,Pública Municipal,Centro-Oeste,MS,1º Ano,2024,39,28,11,71.8,574.0,480.8,680.4,718.3,686.1,627.9,8,6.0
Escola 062,Pública Municipal,Centro-Oeste,MS,2º Ano,2024,43,30,13,69.8,603.4,769.6,572.1,584.3,836.9,673.3,14,3.8
Escola 062,Pública Municipal,Centro-Oeste,MS,3º Ano,2024,33,24,9,72.7,629.1,506.0,493.5,604.8,589.9,564.7,11,3.7
Escola 063,Privada,Norte,RO,1º Ano,2024,45,39,6,86.7,596.2,626.8,480.2,491.7,745.7,588.1,15,6.0
Escola 063,Privada,Norte,RO,2º Ano,2024,29,24,5,82.8,484.7,577.8,645.4,676.2,695.6,615.9,9,8.2
Escola 063,Privada,Norte,RO,3º Ano,2024,45,40,5,88.9,552.8,554.1,587.9,641.4,525.0,572.2,11,8.7
Escola 064,Pública Federal,Norte,TO,1º Ano,2024,33,28,5,84.8,551.3,595.0,615.0,588.5,687.5,607.5,15,5.1
Escola 064,Pública Federal,Norte,TO,2º Ano,2024,37,32,5,86.5,574.0,640.5,685.8,726.6,578.1,641.0,4,4.5
Escola 064,Pública Federal,Norte,TO,3º Ano,2024,30,21,9,70.0,510.5,600.7,645.5,550.9,737.1,608.9,13,9.2
Escola 065,Privada,Nordeste,SE,1º Ano,2024,29,24,5,82.8,538.7,690.0,539.2,535.8,557.0,572.1,11,8.5
Escola 065,Privada,Nordeste,SE,2º Ano,2024,35,26,9,74.3,744.2,677.9,487.5,503.0,632.0,608.9,8,6.3
Escola 065,Privada,Nordeste,SE,3º Ano,2024,35,32,3,91.4,533.8,492.0,662.5,485.1,807.8,596.2,8,3.4
Escola 066,Pública Federal,Norte,RO,1º Ano,2024,21,17,4,81.0,648.8,577.0,568.7,616.3,671.5,616.5,14,4.4
Escola 066,Pública Federal,Norte,RO,2º Ano,2024,35,31,4,88.6,537.9,745.4,480.3,550.1,566.1,576.0,14,4.5
Escola 066,Pública Federal,Norte,RO,3º Ano,2024,45,37,8,82.2,658.8,750.5,626.4,538.5,832.5,681.3,3,5.8
Escola 067,Privada,Sul,PR,1º Ano,2024,43,37,6,86.0,742.3,763.3,569.6,569.4,668.7,662.7,5,9.2
Escola 067,Privada,Sul,PR,2º Ano,2024,44,31,13,70.5,576.3,629.6,472.8,531.4,742.8,590.6,6,9.4
Escola 067,Privada,Sul,PR,3º Ano,2024,34,31,3,91.2,596.1,556.8,680.2,478.7,794.1,621.2,13,6.6
Escola 068,Pública Estadual,Centro-Oeste,MS,1º Ano,2024,23,20,3,87.0,678.6,635.9,716.4,484.3,504.9,604.0,13,9.0
Escola 068,Pública Estadual,Centro-Oeste,MS,2º Ano,2024,28,19,9,67.9,670.7,580.6,656.4,517.6,794.4,643.9,4,9.0
Escola 068,Pública Estadual,Centro-Oeste,MS,3º Ano,2024,35,26,9,74.3,669.0,520.6,709.5,483.8,531.9,583.0,3,5.8
Escola 069,Privada,Nordeste,AL,1º Ano,2024,42,33,9,78.6,702.8,630.5,529.4,602.3,703.3,633.7,14,8.9
Escola 069,Privada,Nordeste,AL,2º Ano,2024,39,31,8,79.5,614.7,776.4,550.9,600.1,781.8,664.8,10,7.0
Escola 069,Privada,Nordeste,AL,3º Ano,2024,31,25,6,80.6,624.3,505.6,536.0,625.7,683.2,595.0,12,8.5
Escola 070,Privada,Sudeste,SP,1º Ano,2024,32,27,5,84.4,722.4,533.1,518.6,656.6,821.2,650.4,4,3.1
Escola 070,Privada,Sudeste,SP,2º Ano,2024,40,37,3,92.5,666.8,700.8,513.1,504.6,697.3,616.5,11,9.3
Escola 070,Privada,Sudeste,SP,3º Ano,2024,32,26,6,81.2,577.7,771.3,715.5,618.5,620.7,660.7,3,3.1
Escola 071,Pública Estadual,Norte,TO,1º Ano,2024,30,21,9,70.0,518.5,494.9,542.4,506.4,537.5,519.9,7,7.9
Escola 071,Pública Estadual,Norte,TO,2º Ano,2024,21,18,3,85.7,749.3,592.2,484.7,679.7,586.4,618.5,5,8.5
Escola 071,Pública Estadual,Norte,TO,3º Ano,2024,29,24,5,82.8,592.9,495.9,645.1,633.9,727.9,619.1,14,3.5
Escola 072,Pública Municipal,Centro-Oeste,MT,1º Ano,2024,45,42,3,93.3,639.8,650.2,656.3,623.6,521.5,618.3,15,5.1
Escola 072,Pública Municipal,Centro-Oeste,MT,2º Ano,2024,36,33,3,91.7,612.8,599.5,497.3,665.3,679.5,610.9,10,5.4
Escola 072,Pública Municipal,Centro-Oeste,MT,3º Ano,2024,23,21,2,91.3,732.0,538.8,538.0,553.4,800.2,632.5,7,7.7
Escola 073,Pública Municipal,Nordeste,MA,1º Ano,2024,41,38,3,92.7,638.1,685.2,539.1,684.0,756.3,660.5,12,7.6
Escola 073,Pública Municipal,Nordeste,MA,2º Ano,2024,31,23,8,74.2,728.9,533.5,716.0,483.1,707.9,633.9,8,6.8
Escola 073,Pública Municipal,Nordeste,MA,3º Ano,2024,21,16,5,76.2,741.7,488.9,505.6,497.0,771.0,600.8,3,4.4
Escola 074,Pública Federal,Sul,RS,1º Ano,2024,45,37,8,82.2,524.5,503.3,537.7,634.7,624.5,564.9,7,8.7
Escola 074,Pública Federal,Sul,RS,2º Ano,2024,34,24,10,70.6,603.8,749.6,686.5,572.3,838.0,690.0,15,6.1
Escola 074,Pública Federal,Sul,RS,3º Ano,2024,35,29,6,82.9,728.1,724.4,649.1,546.5,556.4,640.9,13,7.0
Escola 075,Pública Municipal,Sudeste,SP,1º Ano,2024,35,25,10,71.4,717.7,642.6,494.7,654.2,857.4,673.3,10,8.0
Escola 075,Pública Municipal,Sudeste,SP,2º Ano,2024,20,17,3,85.0,597.1,650.2,521.3,528.5,609.5,581.3,3,7.3
Escola 075,Pública Municipal,Sudeste,SP,3º Ano,2024,43,40,3,93.0,626.0,724.9,621.8,579.1,757.5,661.9,13,5.1
Escola 076,Privada,Norte,PA,1º Ano,2024,35,25,10,71.4,555.3,495.5,570.3,710.8,712.5,608.9,14,5.8
Escola 076,Privada,Norte,PA,2º Ano,2024,36,29,7,80.6,700.8,756.9,515.7,603.0,778.5,671.0,10,6.0
Escola 076,Privada,Norte,PA,3º Ano,2024,41,37,4,90.2,588.9,533.4,609.6,618.4,578.0,585.7,14,7.3
Escola 077,Pública Municipal,Norte,AC,1º Ano,2024,43,38,5,88.4,450.3,738.8,714.9,635.6,500.6,608.0,5,7.2
Escola 077,Pública Municipal,Norte,AC,2º Ano,2024,38,34,4,89.5,682.5,701.0,539.6,517.6,702.3,628.6,7,9.2
Escola 077,Pública Municipal,Norte,AC,3º Ano,2024,20,17,3,85.0,453.2,661.9,589.2,635.7,516.0,571.2,15,9.3
Escola 078,Privada,Nordeste,PB,1º Ano,2024,43,36,7,83.7,647.6,736.6,567.8,637.8,829.5,683.9,7,6.9
Escola 078,Privada,Nordeste,PB,2º Ano,2024,36,29,7,80.6,531.5,693.1,641.7,472.0,788.7,625.4,5,4.1
Escola 078,Privada,Nordeste,PB,3º Ano,2024,37,33,4,89.2,570.8,621.2,628.5,523.8,646.8,598.2,14,8.2
Escola 079,Pública Federal,Nordeste,RN,1º Ano,2024,35,30,5,85.7,719.1,746.0,515.7,620.8,604.3,641.2,9,4.9
Escola 079,Pública Federal,Nordeste,RN,2º Ano,2024,20,18,2,90.0,483.5,518.7,505.1,724.4,648.3,576.0,7,3.5
Escola 079,Pública Federal,Nordeste,RN,3º Ano,2024,25,20,5,80.0,541.8,551.6,667.4,660.0,501.2,584.4,7,8.4
Escola 080,Pública Federal,Nordeste,SE,1º Ano,2024,27,19,8,70.4,681.0,525.2,708.9,579.7,558.2,610.6,13,4.6
Escola 080,Pública Federal,Nordeste,SE,2º Ano,2024,34,27,7,79.4,510.4,646.6,669.4,721.4,523.8,614.3,4,3.4
Escola 080,Pública Federal,Nordeste,SE,3º Ano,2024,24,18,6,75.0,607.7,733.6,597.3,667.1,609.1,643.0,13,6.0
Escola 081,Pública Estadual,Centro-Oeste,MS,1º Ano,2024,39,31,8,79.5,523.4,742.0,663.2,636.3,802.3,673.4,12,8.0
Escola 081,Pública Estadual,Centro-Oeste,MS,2º Ano,2024,27,22,5,81.5,667.3,638.1,672.9,614.0,584.1,635.3,14,8.2
Escola 081,Pública Estadual,Centro-Oeste,MS,3º Ano,2024,36,30,6,83.3,608.8,583.6,491.9,586.3,722.9,598.7,14,5.8
Escola 082,Pública Municipal,Norte,RO,1º Ano,2024,25,22,3,88.0,524.8,491.1,670.1,635.1,833.5,630.9,13,7.0
Escola 082,Pública Municipal,Norte,RO,2º Ano,2024,35,29,6,82.9,597.1,699.8,553.6,499.6,741.5,618.3,3,5.4
Escola 082,Pública Municipal,Norte,RO,3º Ano,2024,36,27,9,75.0,724.4,601.2,633.4,711.7,871.7,708.5,5,6.9
Escola 083,Pública Federal,Sudeste,ES,1º Ano,2024,34,25,9,73.5,665.9,602.5,624.1,518.1,535.3,589.2,3,5.9
Escola 083,Pública Federal,Sudeste,ES,2º Ano,2024,34,27,7,79.4,744.3,722.0,600.0,577.5,677.3,664.2,14,4.5
Escola 083,Pública Federal,Sudeste,ES,3º Ano,2024,39,32,7,82.1,609.8,500.3,618.3,563.3,730.5,604.4,7,8.9
Escola 084,Pública Estadual,Sul,RS,1º Ano,2024,31,23,8,74.2,595.8,492.9,570.4,723.4,556.1,587.7,4,3.4
Escola 084,Pública Estadual,Sul,RS,2º Ano,2024,27,20,7,74.1,533.9,646.8,582.8,518.8,640.1,584.5,11,6.5
Escola 084,Pública Estadual,Sul,RS,3º Ano,2024,44,37,7,84.1,634.2,727.1,656.1,491.1,556.5,613.0,7,3.1
Escola 085,Pública Estadual,Nordeste,SE,1º Ano,2024,25,19,6,76.0,570.9,541.2,603.2,593.7,559.0,573.6,9,7.3
Escola 085,Pública Estadual,Nordeste,SE,2º Ano,2024,36,28,8,77.8,453.4,522.0,701.5,653.8,837.4,633.6,11,7.2
Escola 085,Pública Estadual,Nordeste,SE,3º Ano,2024,42,33,9,78.6,682.4,717.6,467.0,631.7,735.5,646.8,11,5.8
Escola 086,Pública Estadual,Nordeste,RN,1º Ano,2024,42,29,13,69.0,548.0,741.4,620.2,550.7,802.2,652.5,14,4.5
Escola 086,Pública Estadual,Nordeste,RN,2º Ano,2024,43,36,7,83.7,562.4,547.7,534.6,676.7,593.9,583.1,9,8.5
Escola 086,Pública Estadual,Nordeste,RN,3º Ano,2024,39,32,7,82.1,480.1,498.4,589.9,708.7,742.1,603.8,10,6.0
Escola 087,Pública Estadual,Sul,RS,1º Ano,2024,42,33,9,78.6,711.1,593.7,635.5,666.6,629.5,647.3,6,4.5
Escola 087,Pública Estadual,Sul,RS,2º Ano,2024,21,14,7,66.7,599.0,520.7,661.5,663.0,842.4,657.3,10,8.5
Escola 087,Pública Estadual,Sul,RS,3º Ano,2024,45,41,4,91.1,746.9,621.1,692.1,583.6,725.2,673.8,11,7.5
Escola 088,Pública Federal,Sudeste,MG,1º Ano,2024,31,23,8,74.2,616.2,674.7,636.1,500.4,673.9,620.3,4,4.0
Escola 088,Pública Federal,Sudeste,MG,2º Ano,2024,21,17,4,81.0,711.7,496.4,564.7,693.3,861.9,665.6,13,3.5
Escola 088,Pública Federal,Sudeste,MG,3º Ano,2024,31,24,7,77.4,715.4,583.9,607.8,695.3,857.5,692.0,5,8.6
Escola 089,Pública Federal,Nordeste,RN,1º Ano,2024,31,29,2,93.5,551.6,543.6,493.1,549.0,889.0,605.3,12,5.0
Escola 089,Pública Federal,Nordeste,RN,2º Ano,2024,44,31,13,70.5,636.6,712.1,609.4,640.5,864.0,692.5,9,6.7
Escola 089,Pública Federal,Nordeste,RN,3º Ano,2024,26,19,7,73.1,465.5,645.5,542.4,621.8,734.9,602.0,3,6.1
Escola 090,Pública Federal,Norte,RR,1º Ano,2024,31,27,4,87.1,453.9,609.4,672.5,576.9,544.8,571.5,15,3.4
Escola 090,Pública Federal,Norte,RR,2º Ano,2024,24,19,5,79.2,595.4,492.3,669.8,638.5,525.5,584.3,6,9.4
Escola 090,Pública Federal,Norte,RR,3º Ano,2024,41,32,9,78.0,688.4,548.8,597.9,488.0,625.6,589.7,11,5.9
Escola 091,Privada,Sul,PR,1º Ano,2024,38,35,3,92.1,520.4,714.2,508.6,544.6,644.2,586.4,4,6.3
Escola 091,Privada,Sul,PR,2º Ano,2024,21,16,5,76.2,709.3,647.9,509.3,497.8,538.4,580.5,13,5.7
Escola 091,Privada,Sul,PR,3º Ano,2024,28,24,4,85.7,613.9,703.3,597.4,579.5,605.4,619.9,11,3.4
Escola 092,Pública Federal,Nordeste,BA,1º Ano,2024,39,35,4,89.7,613.1,762.1,571.2,727.4,683.6,671.5,12,8.0
Escola 092,Pública Federal,Nordeste,BA,2º Ano,2024,35,30,5,85.7,732.6,686.2,556.9,602.7,622.4,640.2,10,3.2
Escola 092,Pública Federal,Nordeste,BA,3º Ano,2024,32,25,7,78.1,517.5,737.4,700.9,482.3,648.6,617.3,3,6.8
Escola 093,Pública Federal,Nordeste,AL,1º Ano,2024,23,18,5,78.3,707.7,521.6,691.3,672.8,811.5,681.0,6,9.0
Escola 093,Pública Federal,Nordeste,AL,2º Ano,2024,21,16,5,76.2,638.5,737.9,572.5,484.4,894.1,665.5,8,3.2
Escola 093,Pública Federal,Nordeste,AL,3º Ano,2024,31,26,5,83.9,700.3,735.8,627.4,651.0,671.3,677.2,10,6.5
Escola 094,Pública Estadual,Norte,RR,1º Ano,2024,42,39,3,92.9,625.1,758.0,540.2,539.3,684.7,629.5,12,8.5
Escola 094,Pública Estadual,Norte,RR,2º Ano,2024,21,18,3,85.7,547.7,525.7,640.4,669.4,726.6,622.0,9,8.3
Escola 094,Pública Estadual,Norte,RR,3º Ano,2024,20,16,4,80.0,458.1,616.7,695.7,540.7,528.5,567.9,15,8.0
Escola 095,Pública Federal,Sul,SC,1º Ano,2024,41,35,6,85.4,500.5,510.2,671.5,621.0,552.3,571.1,13,5.7
Escola 095,Pública Federal,Sul,SC,2º Ano,2024,41,30,11,73.2,595.5,537.6,624.4,613.6,813.1,636.8,15,4.6
Escola 095,Pública Federal,Sul,SC,3º Ano,2024,39,36,3,92.3,611.2,509.3,528.4,724.3,600.0,594.6,11,9.0
Escola 096,Pública Municipal,Sul,SC,1º Ano,2024,32,24,8,75.0,508.8,744.6,593.9,538.7,561.4,589.5,8,5.7
Escola 096,Pública Municipal,Sul,SC,2º Ano,2024,32,30,2,93.8,722.2,597.8,657.7,478.9,763.4,644.0,8,9.0
Escola 096,Pública Municipal,Sul,SC,3º Ano,2024,21,14,7,66.7,664.7,752.2,609.7,560.9,852.2,687.9,15,4.4
Escola 097,Pública Municipal,Nordeste,SE,1º Ano,2024,31,28,3,90.3,465.9,507.8,541.6,527.4,717.4,552.0,14,7.9
Escola 097,Pública Municipal,Nordeste,SE,2º Ano,2024,30,24,6,80.0,482.0,670.7,710.0,588.1,886.7,667.5,14,8.2
Escola 097,Pública Municipal,Nordeste,SE,3º Ano,2024,39,36,3,92.3,725.9,719.7,688.8,724.8,848.5,741.5,4,5.3
Escola 098,Pública Municipal,Nordeste,PB,1º Ano,2024,33,26,7,78.8,716.6,677.3,548.7,498.7,537.3,595.7,3,8.6
Escola 098,Pública Municipal,Nordeste,PB,2º Ano,2024,33,30,3,90.9,574.5,522.5,562.8,581.3,721.3,592.5,7,8.6
Escola 098,Pública Municipal,Nordeste,PB,3º Ano,2024,30,26,4,86.7,520.5,742.1,638.1,527.2,872.5,660.1,10,5.8
Escola 099,Pública Federal,Centro-Oeste,MT,1º Ano,2024,39,33,6,84.6,500.6,548.6,533.2,671.2,553.1,561.3,15,6.6
Escola 099,Pública Federal,Centro-Oeste,MT,2º Ano,2024,33,24,9,72.7,564.4,771.7,592.7,550.5,758.5,647.6,11,7.2
Escola 099,Pública Federal,Centro-Oeste,MT,3º Ano,2024,23,17,6,73.9,715.9,644.6,520.8,526.7,634.1,608.4,3,7.3
Escola 100,Pública Estadual,Sul,RS,1º Ano,2024,41,32,9,78.0,639.0,503.2,714.4,559.8,545.5,592.4,4,9.2
Escola 100,Pública Estadual,Sul,RS,2º Ano,2024,20,14,6,70.0,602.0,622.4,537.2,588.6,832.2,636.5,15,4.2
Escola 100,Pública Estadual,Sul,RS,3º Ano,2024,25,22,3,88.0,518.0,666.2,669.6,498.7,805.5,631.6,4,7.0
Escola 101,Privada,Centro-Oeste,GO,1º Ano,2024,25,19,6,76.0,613.9,679.9,595.9,716.4,825.6,686.3,13,4.3
Escola 101,Privada,Centro-Oeste,GO,2º Ano,2024,26,22,4,84.6,675.4,688.9,637.0,549.1,711.1,652.3,7,5.9
Escola 101,Privada,Centro-Oeste,GO,3º Ano,2024,20,18,2,90.0,508.6,623.0,609.4,579.2,798.3,623.7,8,5.6
Escola 102,Privada,Norte,RR,1º Ano,2024,38,34,4,89.5,466.7,517.4,693.5,662.6,605.0,589.0,8,3.8
Escola 102,Privada,Norte,RR,2º Ano,2024,36,25,11,69.4,544.9,580.1,480.3,703.5,765.0,614.8,7,3.7
Escola 102,Privada,Norte,RR,3º Ano,2024,24,19,5,79.2,579.6,573.4,525.3,487.3,670.4,567.2,15,3.6
Escola 103,Privada,Sudeste,ES,1º Ano,2024,28,23,5,82.1,485.2,571.8,515.2,533.8,775.6,576.3,8,8.5
Escola 103,Privada,Sudeste,ES,2º Ano,2024,20,14,6,70.0,557.8,663.9,531.8,714.6,543.7,602.4,13,9.1
Escola 103,Privada,Sudeste,ES,3º Ano,2024,22,17,5,77.3,592.2,536.3,570.6,722.7,608.1,606.0,14,7.0
Escola 104,Pública Estadual,Nordeste,PE,1º Ano,2024,40,32,8,80.0,470.6,665.6,586.6,619.2,692.8,607.0,4,7.3
Escola 104,Pública Estadual,Nordeste,PE,2º Ano,2024,29,26,3,89.7,480.5,654.9,485.6,621.4,776.2,603.7,8,5.1
Escola 104,Pública Estadual,Nordeste,PE,3º Ano,2024,44,32,12,72.7,595.9,543.8,602.8,718.5,686.8,629.6,12,5.6
Escola 105,Pública Municipal,Centro-Oeste,DF,1º Ano,2024,37,28,9,75.7,718.4,635.6,477.8,685.2,624.4,628.3,5,8.6
Escola 105,Pública Municipal,Centro-Oeste,DF,2º Ano,2024,42,31,11,73.8,508.6,745.6,674.0,627.1,682.3,647.5,3,8.1
Escola 105,Pública Municipal,Centro-Oeste,DF,3º Ano,2024,43,40,3,93.0,532.6,582.1,521.4,642.4,651.1,585.9,3,4.7
Escola 106,Pública Municipal,Centro-Oeste,DF,1º Ano,2024,36,25,11,69.4,604.0,549.2,473.7,516.1,755.3,579.7,9,4.6
Escola 106,Pública Municipal,Centro-Oeste,DF,2º Ano,2024,24,21,3,87.5,587.1,529.9,663.4,527.7,670.7,595.8,8,3.4
Escola 106,Pública Municipal,Centro-Oeste,DF,3º Ano,2024,26,19,7,73.1,644.7,747.2,546.3,482.5,685.7,621.3,8,4.4
Escola 107,Pública Estadual,Sul,SC,1º Ano,2024,44,39,5,88.6,723.3,558.1,513.6,721.0,826.5,668.5,8,8.6
Escola 107,Pública Estadual,Sul,SC,2º Ano,2024,38,31,7,81.6,507.0,571.6,556.0,520.6,763.4,583.7,15,7.0
Escola 107,Pública Estadual,Sul,SC,3º Ano,2024,33,25,8,75.8,576.2,670.0,674.2,655.9,744.0,664.1,12,7.6
Escola 108,Pública Estadual,Norte,RO,1º Ano,2024,20,17,3,85.0,476.9,676.4,523.0,708.4,654.7,607.9,4,8.1
Escola 108,Pública Estadual,Norte,RO,2º Ano,2024,39,33,6,84.6,476.7,540.0,555.5,550.7,519.8,528.5,13,9.4
Escola 108,Pública Estadual,Norte,RO,3º Ano,2024,25,21,4,84.0,727.3,745.6,505.1,480.6,665.1,624.7,11,7.9
Escola 109,Pública Estadual,Sul,RS,1º Ano,2024,36,27,9,75.0,558.0,618.7,697.4,518.8,758.5,630.3,8,9.0
Escola 109,Pública Estadual,Sul,RS,2º Ano,2024,29,22,7,75.9,721.4,649.6,500.5,486.6,693.0,610.2,10,5.1
Escola 109,Pública Estadual,Sul,RS,3º Ano,2024,39,29,10,74.4,583.6,586.6,555.2,496.6,706.0,585.6,15,8.3
Escola 110,Pública Federal,Norte,PA,1º Ano,2024,37,27,10,73.0,597.1,607.0,660.8,485.1,532.1,576.4,3,3.5
Escola 110,Pública Federal,Norte,PA,2º Ano,2024,24,20,4,83.3,523.6,673.2,702.5,721.1,697.2,663.5,15,4.4
Escola 110,Pública Federal,Norte,PA,3º Ano,2024,44,38,6,86.4,528.5,502.1,534.7,602.9,829.8,599.6,8,4.9
Escola 111,Pública Federal,Norte,RO,1º Ano,2024,38,31,7,81.6,663.6,549.3,570.5,605.3,580.1,593.8,14,3.8
Escola 111,Pública Federal,Norte,RO,2º Ano,2024,24,19,5,79.2,535.9,490.8,682.9,713.9,775.7,639.8,15,5.2
Escola 111,Pública Federal,Norte,RO,3º Ano,2024,22,17,5,77.3,597.1,684.1,534.5,568.7,878.2,652.5,3,9.1
Escola 112,Privada,Centro-Oeste,GO,1º Ano,2024,43,32,11,74.4,480.6,587.4,662.7,578.0,542.2,570.2,11,3.3
Escola 112,Privada,Centro-Oeste,GO,2º Ano,2024,22,15,7,68.2,514.0,486.1,506.7,496.7,556.0,511.9,12,5.2
Escola 112,Privada,Centro-Oeste,GO,3º Ano,2024,31,22,9,71.0,479.0,723.9,615.0,528.4,576.4,584.5,11,5.3
Escola 113,Pública Federal,Sudeste,MG,1º Ano,2024,24,22,2,91.7,572.8,549.2,494.6,663.4,798.6,615.7,4,4.9
Escola 113,Pública Federal,Sudeste,MG,2º Ano,2024,30,22,8,73.3,592.4,580.8,469.5,553.7,833.9,606.1,9,6.2
Escola 113,Pública Federal,Sudeste,MG,3º Ano,2024,34,27,7,79.4,600.0,489.7,675.7,490.4,549.9,561.1,8,8.0
Escola 114,Pública Municipal,Sul,RS,1º Ano,2024,33,27,6,81.8,505.9,751.9,643.6,572.2,635.1,621.7,15,4.7
Escola 114,Pública Municipal,Sul,RS,2º Ano,2024,39,33,6,84.6,512.3,695.2,673.8,616.3,575.3,614.6,3,8.7
Escola 114,Pública Municipal,Sul,RS,3º Ano,2024,30,24,6,80.0,620.3,554.2,512.1,612.5,641.6,588.1,8,5.2
Escola 115,Privada,Centro-Oeste,MS,1º Ano,2024,33,28,5,84.8,498.5,594.3,688.7,698.5,631.9,622.4,7,3.1
Escola 115,Privada,Centro-Oeste,MS,2º Ano,2024,41,34,7,82.9,454.4,663.6,620.1,582.7,742.8,612.7,4,6.9
Escola 115,Privada,Centro-Oeste,MS,3º Ano,2024,31,21,10,67.7,658.8,611.0,703.9,727.7,727.8,685.8,12,6.7
Escola 116,Pública Municipal,Centro-Oeste,DF,1º Ano,2024,40,33,7,82.5,618.6,725.4,637.3,540.9,547.1,613.9,6,9.3
Escola 116,Pública Municipal,Centro-Oeste,DF,2º Ano,2024,22,18,4,81.8,648.6,490.8,535.2,564.2,545.2,556.8,8,6.4
Escola 116,Pública Municipal,Centro-Oeste,DF,3º Ano,2024,32,29,3,90.6,719.6,756.4,514.8,523.1,566.3,616.0,10,3.2
Escola 117,Privada,Norte,AC,1º Ano,2024,36,29,7,80.6,716.3,639.9,671.5,686.7,607.4,664.4,4,3.6
Escola 117,Privada,Norte,AC,2º Ano,2024,25,23,2,92.0,467.8,681.4,565.3,694.4,801.8,642.1,7,7.6
Escola 117,Privada,Norte,AC,3º Ano,2024,28,25,3,89.3,512.0,664.1,564.7,564.6,816.2,624.3,14,4.3
Escola 118,Pública Municipal,Nordeste,RN,1º Ano,2024,34,28,6,82.4,648.9,759.7,636.9,729.6,809.0,716.8,10,5.1
Escola 118,Pública Municipal,Nordeste,RN,2º Ano,2024,33,23,10,69.7,726.2,643.7,610.3,556.0,653.2,637.9,10,7.0
Escola 118,Pública Municipal,Nordeste,RN,3º Ano,2024,30,27,3,90.0,539.8,556.8,501.9,496.0,726.9,564.3,15,5.2
Escola 119,Pública Municipal,Sul,SC,1º Ano,2024,42,38,4,90.5,729.9,610.0,570.3,637.1,804.5,670.4,15,7.1
Escola 119,Pública Municipal,Sul,SC,2º Ano,2024,36,26,10,72.2,463.4,561.8,629.9,696.9,788.2,628.0,14,8.4
Escola 119,Pública Municipal,Sul,SC,3º Ano,2024,38,27,11,71.1,487.2,769.2,653.7,545.9,643.3,619.9,3,6.6
Escola 120,Pública Municipal,Sudeste,RJ,1º Ano,2024,41,31,10,75.6,638.8,694.6,712.3,648.9,863.5,711.6,15,5.7
Escola 120,Pública Municipal,Sudeste,RJ,2º Ano,2024,22,20,2,90.9,501.5,603.6,577.6,553.3,606.8,568.6,6,7.5
Escola 120,Pública Municipal,Sudeste,RJ,3º Ano,2024,43,39,4,90.7,535.6,543.6,701.3,573.4,838.9,638.6,5,4.6
Escola 121,Pública Municipal,Norte,RO,1º Ano,2024,42,36,6,85.7,491.5,681.8,701.6,651.8,829.0,671.1,15,8.5
Escola 121,Pública Municipal,Norte,RO,2º Ano,2024,36,31,5,86.1,675.4,535.7,666.3,716.2,673.0,653.3,5,3.1
Escola 121,Pública Municipal,Norte,RO,3º Ano,2024,23,19,4,82.6,614.7,529.6,539.7,724.7,653.7,612.5,4,9.1
Escola 122,Pública Estadual,Centro-Oeste,DF,1º Ano,2024,39,35,4,89.7,450.5,482.4,658.1,591.7,782.4,593.0,12,5.8
Escola 122,Pública Estadual,Centro-Oeste,DF,2º Ano,2024,27,21,6,77.8,724.2,729.3,638.4,631.9,529.9,650.7,8,7.2
Escola 122,Pública Estadual,Centro-Oeste,DF,3º Ano,2024,27,19,8,70.4,466.5,681.2,551.1,523.0,699.5,584.3,10,3.0
Escola 123,Privada,Sudeste,MG,1º Ano,2024,40,30,10,75.0,679.0,756.3,603.1,516.8,647.1,640.5,10,3.6
Escola 123,Privada,Sudeste,MG,2º Ano,2024,24,17,7,70.8,484.5,549.1,519.1,471.9,870.0,578.9,5,5.2
Escola 123,Privada,Sudeste,MG,3º Ano,2024,32,27,5,84.4,692.4,561.5,658.5,708.2,526.9,629.5,6,3.5
Escola 124,Pública Municipal,Nordeste,PE,1º Ano,2024,39,31,8,79.5,518.0,567.2,600.2,675.3,620.5,596.2,5,5.7
Escola 124,Pública Municipal,Nordeste,PE,2º Ano,2024,33,24,9,72.7,560.4,745.0,464.6,698.9,746.0,643.0,6,7.2
Escola 124,Pública Municipal,Nordeste,PE,3º Ano,2024,40,37,3,92.5,657.4,515.2,479.8,683.4,756.2,618.4,6,8.6
Escola 125,Privada,Norte,AC,1º Ano,2024,22,16,6,72.7,541.8,744.5,643.5,555.5,798.8,656.8,7,5.1
Escola 125,Privada,Norte,AC,2º Ano,2024,25,20,5,80.0,641.7,543.8,689.2,648.6,832.3,671.1,11,7.3
Escola 125,Privada,Norte,AC,3º Ano,2024,43,32,11,74.4,665.0,614.1,619.2,525.0,602.3,605.1,9,5.3
Escola 126,Privada,Norte,RO,1º Ano,2024,37,28,9,75.7,642.4,584.0,491.0,627.9,500.0,569.1,13,5.5
Escola 126,Privada,Norte,RO,2º Ano,2024,20,18,2,90.0,536.5,523.1,701.7,715.8,795.2,654.5,4,5.1
Escola 126,Privada,Norte,RO,3º Ano,2024,21,15,6,71.4,528.4,618.1,513.1,699.7,681.0,608.1,8,3.1
Escola 127,Privada,Sul,RS,1º Ano,2024,35,30,5,85.7,737.6,675.2,608.5,535.7,846.3,680.7,13,5.3
Escola 127,Privada,Sul,RS,2º Ano,2024,32,29,3,90.6,638.6,540.3,701.4,712.9,566.9,632.0,5,7.7
Escola 127,Privada,Sul,RS,3º Ano,2024,25,23,2,92.0,571.9,764.0,637.9,714.7,581.1,653.9,10,5.7
Escola 128,Privada,Centro-Oeste,MS,1º Ano,2024,35,30,5,85.7,567.0,668.9,701.0,570.5,705.5,642.6,14,4.3
Escola 128,Privada,Centro-Oeste,MS,2º Ano,2024,45,32,13,71.1,519.7,546.2,586.9,671.5,794.7,623.8,14,6.6
Escola 128,Privada,Centro-Oeste,MS,3º Ano,2024,24,21,3,87.5,699.0,480.4,626.7,578.4,844.4,645.8,4,6.9
Escola 129,Privada,Sudeste,MG,1º Ano,2024,39,30,9,76.9,478.2,642.0,491.1,661.0,641.9,582.8,4,9.3
Escola 129,Privada,Sudeste,MG,2º Ano,2024,43,30,13,69.8,512.7,564.9,706.6,723.4,560.1,613.5,3,8.3
Escola 129,Privada,Sudeste,MG,3º Ano,2024,36,33,3,91.7,702.2,771.2,579.2,551.5,661.6,653.1,7,8.1
Escola 130,Pública Municipal,Centro-Oeste,MS,1º Ano,2024,32,22,10,68.8,730.7,664.5,621.4,519.4,792.7,665.7,10,6.4
Escola 130,Pública Municipal,Centro-Oeste,MS,2º Ano,2024,21,19,2,90.5,601.4,719.1,471.3,617.8,576.5,597.2,14,8.7
Escola 130,Pública Municipal,Centro-Oeste,MS,3º Ano,2024,27,20,7,74.1,674.5,624.8,677.6,659.6,804.6,688.2,4,3.5
Escola 131,Pública Municipal,Sul,SC,1º Ano,2024,26,18,8,69.2,702.9,521.7,520.9,607.3,826.1,635.8,8,7.1
Escola 131,Pública Municipal,Sul,SC,2º Ano,2024,30,26,4,86.7,696.2,688.3,496.2,632.8,892.6,681.2,3,6.0
Escola 131,Pública Municipal,Sul,SC,3º Ano,2024,24,17,7,70.8,686.8,552.8,651.4,509.0,589.7,597.9,11,7.0
Escola 132,Pública Federal,Sudeste,SP,1º Ano,2024,42,30,12,71.4,522.3,709.4,621.2,599.3,796.6,649.8,15,4.6
Escola 132,Pública Federal,Sudeste,SP,2º Ano,2024,41,33,8,80.5,497.2,645.4,581.6,724.9,876.9,665.2,5,4.6
Escola 132,Pública Federal,Sudeste,SP,3º Ano,2024,20,17,3,85.0,664.3,534.7,614.2,569.6,849.0,646.4,9,5.1
Escola 133,Pública Federal,Nordeste,PB,1º Ano,2024,45,37,8,82.2,551.6,561.2,466.1,574.8,828.0,596.3,9,6.4
Escola 133,Pública Federal,Nordeste,PB,2º Ano,2024,29,25,4,86.2,742.1,647.1,537.7,617.2,750.5,658.9,12,6.3
Escola 133,Pública Federal,Nordeste,PB,3º Ano,2024,34,25,9,73.5,502.0,657.1,480.6,524.2,803.7,593.5,11,4.8
Escola 134,Pública Estadual,Centro-Oeste,DF,1º Ano,2024,29,26,3,89.7,623.8,644.9,656.2,489.6,884.0,659.7,10,6.8
Escola 134,Pública Estadual,Centro-Oeste,DF,2º Ano,2024,27,24,3,88.9,456.3,581.3,460.3,588.2,880.8,593.4,12,9.2
Escola 134,Pública Estadual,Centro-Oeste,DF,3º Ano,2024,21,19,2,90.5,534.9,734.1,504.4,495.2,836.2,621.0,5,6.7
Escola 135,Pública Municipal,Sul,PR,1º Ano,2024,36,27,9,75.0,735.5,559.1,700.8,677.0,663.7,667.2,13,5.5
Escola 135,Pública Municipal,Sul,PR,2º Ano,2024,26,24,2,92.3,738.5,722.7,531.0,485.1,796.4,654.7,15,5.1
Escola 135,Pública Municipal,Sul,PR,3º Ano,2024,23,21,2,91.3,646.4,608.4,494.5,601.5,578.3,585.8,3,9.4
Escola 136,Pública Federal,Norte,AP,1º Ano,2024,41,31,10,75.6,461.3,622.7,701.1,515.6,841.2,628.4,8,6.9
Escola 136,Pública Federal,Norte,AP,2º Ano,2024,23,20,3,87.0,488.6,759.3,667.0,524.7,640.0,615.9,15,5.8
Escola 136,Pública Federal,Norte,AP,3º Ano,2024,30,24,6,80.0,472.0,719.7,567.0,674.7,611.2,608.9,9,5.7
Escola 137,Pública Federal,Norte,AM,1º Ano,2024,26,19,7,73.1,723.2,497.6,694.4,671.8,854.9,688.4,12,7.2
Escola 137,Pública Federal,Norte,AM,2º Ano,2024,30,24,6,80.0,707.7,737.1,684.1,648.1,835.6,722.5,11,5.4
Escola 137,Pública Federal,Norte,AM,3º Ano,2024,22,20,2,90.9,698.0,496.0,534.2,481.9,576.5,557.3,14,5.4
Escola 138,Pública Federal,Centro-Oeste,MS,1º Ano,2024,36,26,10,72.2,627.7,509.2,530.4,482.5,545.5,539.1,5,7.5
Escola 138,Pública Federal,Centro-Oeste,MS,2º Ano,2024,30,24,6,80.0,693.6,599.7,672.4,572.8,557.1,619.1,4,5.6
Escola 138,Pública Federal,Centro-Oeste,MS,3º Ano,2024,38,28,10,73.7,608.6,669.9,604.6,696.4,705.0,656.9,13,8.1
Escola 139,Pública Municipal,Centro-Oeste,DF,1º Ano,2024,39,29,10,74.4,736.3,548.9,589.6,703.5,798.9,675.4,8,9.3
Escola 139,Pública Municipal,Centro-Oeste,DF,2º Ano,2024,20,17,3,85.0,678.9,695.0,583.3,727.8,895.9,716.2,11,3.2
Escola 139,Pública Municipal,Centro-Oeste,DF,3º Ano,2024,36,26,10,72.2,478.3,514.1,480.4,547.5,704.5,545.0,7,7.1
Escola 140,Pública Municipal,Nordeste,MA,1º Ano,2024,20,15,5,75.0,538.7,594.5,580.8,633.0,618.7,593.1,15,5.1
Escola 140,Pública Municipal,Nordeste,MA,2º Ano,2024,33,24,9,72.7,623.9,730.9,464.1,475.5,536.6,566.2,10,5.7
Escola 140,Pública Municipal,Nordeste,MA,3º Ano,2024,43,37,6,86.0,517.8,563.0,461.9,537.2,747.4,565.5,4,7.3
Escola 141,Pública Estadual,Sudeste,RJ,1º Ano,2024,20,16,4,80.0,566.7,597.1,583.9,570.6,871.9,638.0,9,7.5
Escola 141,Pública Estadual,Sudeste,RJ,2º Ano,2024,32,26,6,81.2,530.3,604.1,667.0,610.0,864.7,655.2,15,7.2
Escola 141,Pública Estadual,Sudeste,RJ,3º Ano,2024,20,18,2,90.0,606.7,517.9,540.5,606.0,833.3,620.9,4,6.3
Escola 142,Privada,Centro-Oeste,MS,1º Ano,2024,39,28,11,71.8,684.2,556.3,526.6,554.9,676.0,599.6,7,6.2
Escola 142,Privada,Centro-Oeste,MS,2º Ano,2024,34,25,9,73.5,687.3,714.2,566.6,521.0,886.0,675.0,5,3.2
Escola 142,Privada,Centro-Oeste,MS,3º Ano,2024,38,27,11,71.1,452.3,678.3,530.9,646.0,617.8,585.1,4,6.1
Escola 143,Pública Estadual,Sul,RS,1º Ano,2024,39,27,12,69.2,581.7,689.6,561.5,727.1,710.8,654.1,9,4.6
Escola 143,Pública Estadual,Sul,RS,2º Ano,2024,34,24,10,70.6,659.3,718.1,664.5,619.8,836.9,699.7,11,9.1
Escola 143,Pública Estadual,Sul,RS,3º Ano,2024,43,37,6,86.0,675.2,495.3,669.1,595.2,811.6,649.3,8,7.5
Escola 144,Pública Municipal,Sul,SC,1º Ano,2024,30,23,7,76.7,553.9,737.1,640.2,496.2,671.4,619.8,9,5.5
Escola 144,Pública Municipal,Sul,SC,2º Ano,2024,34,24,10,70.6,587.5,717.8,489.2,491.6,547.6,566.7,3,9.1
Escola 144,Pública Municipal,Sul,SC,3º Ano,2024,20,14,6,70.0,656.6,485.3,547.8,606.9,726.7,604.7,15,5.4
Escola 145,Privada,Norte,AP,1º Ano,2024,38,34,4,89.5,691.2,745.3,507.4,657.6,635.6,647.4,8,6.0
Escola 145,Privada,Norte,AP,2º Ano,2024,22,17,5,77.3,663.4,754.7,716.8,531.8,638.9,661.1,12,8.2
Escola 145,Privada,Norte,AP,3º Ano,2024,36,31,5,86.1,610.7,732.1,568.6,601.0,768.9,656.3,13,7.5
Escola 146,Pública Estadual,Sudeste,MG,1º Ano,2024,26,20,6,76.9,493.5,657.8,687.3,688.6,716.1,648.7,6,3.9
Escola 146,Pública Estadual,Sudeste,MG,2º Ano,2024,23,20,3,87.0,451.0,693.6,516.9,621.6,726.1,601.8,6,3.1
Escola 146,Pública Estadual,Sudeste,MG,3º Ano,2024,20,15,5,75.0,464.2,627.0,671.4,579.3,721.7,612.7,14,9.0
Escola 147,Pública Municipal,Sudeste,MG,1º Ano,2024,21,19,2,90.5,579.8,700.7,498.5,561.5,719.3,612.0,3,7.4
Escola 147,Pública Municipal,Sudeste,MG,2º Ano,2024,45,38,7,84.4,633.2,663.2,497.2,708.4,794.2,659.2,12,3.0
Escola 147,Pública Municipal,Sudeste,MG,3º Ano,2024,32,23,9,71.9,631.4,500.4,614.7,619.6,544.6,582.1,15,4.3
Escola 148,Privada,Nordeste,PI,1º Ano,2024,44,36,8,81.8,564.1,602.6,696.4,577.8,665.2,621.2,6,5.5
Escola 148,Privada,Nordeste,PI,2º Ano,2024,34,29,5,85.3,592.5,499.9,698.5,589.0,574.1,590.8,9,7.7
Escola 148,Privada,Nordeste,PI,3º Ano,2024,41,34,7,82.9,539.7,682.0,506.8,570.0,539.7,567.6,7,7.6
Escola 149,Privada,Centro-Oeste,DF,1º Ano,2024,41,35,6,85.4,478.9,521.5,545.3,512.6,677.9,547.2,10,3.2
Escola 149,Privada,Centro-Oeste,DF,2º Ano,2024,21,18,3,85.7,691.4,621.7,702.3,480.6,672.0,633.6,7,4.9
Escola 149,Privada,Centro-Oeste,DF,3º Ano,2024,37,26,11,70.3,672.8,719.6,653.9,657.5,714.7,683.7,13,8.3
Escola 150,Privada,Norte,RR,1º Ano,2024,38,33,5,86.8,709.2,510.4,690.7,499.4,730.8,628.1,11,6.0
Escola 150,Privada,Norte,RR,2º Ano,2024,34,31,3,91.2,701.4,504.2,687.7,475.7,596.3,593.1,12,8.3
Escola 150,Privada,Norte,RR,3º Ano,2024,45,37,8,82.2,542.9,645.6,690.7,515.4,765.5,632.0,4,9.1
Escola 151,Pública Federal,Sudeste,MG,1º Ano,2024,32,23,9,71.9,592.4,611.2,649.2,676.8,836.3,673.2,15,4.2
Escola 151,Pública Federal,Sudeste,MG,2º Ano,2024,33,28,5,84.8,594.5,548.2,472.3,641.8,504.6,552.3,7,5.1
Escola 151,Pública Federal,Sudeste,MG,3º Ano,2024,29,22,7,75.9,646.6,565.0,694.8,720.7,571.5,639.7,4,9.3
Escola 152,Pública Municipal,Centro-Oeste,MT,1º Ano,2024,29,27,2,93.1,566.1,605.6,586.7,678.6,766.1,640.6,3,8.1
Escola 152,Pública Municipal,Centro-Oeste,MT,2º Ano,2024,35,29,6,82.9,450.9,666.1,640.7,657.5,744.3,631.9,13,7.2
Escola 152,Pública Municipal,Centro-Oeste,MT,3º Ano,2024,36,32,4,88.9,697.2,747.3,563.2,579.0,686.1,654.6,12,6.7
Escola 153,Pública Municipal,Sudeste,SP,1º Ano,2024,26,22,4,84.6,555.3,698.7,502.4,595.4,659.1,602.2,4,3.4
Escola 153,Pública Municipal,Sudeste,SP,2º Ano,2024,43,36,7,83.7,460.1,638.0,550.1,667.1,844.3,631.9,14,5.2
Escola 153,Pública Municipal,Sudeste,SP,3º Ano,2024,20,14,6,70.0,466.4,557.0,531.3,559.5,840.6,591.0,15,5.5
Escola 154,Pública Estadual,Sudeste,MG,1º Ano,2024,43,34,9,79.1,496.9,591.9,500.2,699.9,848.1,627.4,3,4.1
Escola 154,Pública Estadual,Sudeste,MG,2º Ano,2024,34,26,8,76.5,620.5,726.7,606.0,616.8,508.8,615.8,6,6.0
Escola 154,Pública Estadual,Sudeste,MG,3º Ano,2024,23,20,3,87.0,642.6,692.7,642.6,477.5,877.1,666.5,10,4.2
Escola 155,Pública Estadual,Sul,PR,1º Ano,2024,28,23,5,82.1,632.4,729.3,496.6,638.5,856.5,670.7,10,9.0
Escola 155,Pública Estadual,Sul,PR,2º Ano,2024,33,27,6,81.8,633.4,561.3,557.7,695.0,630.1,615.5,5,4.8
Escola 155,Pública Estadual,Sul,PR,3º Ano,2024,44,34,10,77.3,534.9,605.6,714.0,627.1,889.0,674.1,14,3.2
Escola 156,Privada,Norte,RO,1º Ano,2024,35,32,3,91.4,730.6,611.2,549.6,558.1,799.9,649.9,11,5.4
Escola 156,Privada,Norte,RO,2º Ano,2024,29,22,7,75.9,682.7,654.5,532.0,586.6,596.8,610.5,9,6.5
Escola 156,Privada,Norte,RO,3º Ano,2024,24,21,3,87.5,635.1,647.8,554.4,573.6,557.8,593.7,13,6.4
Escola 157,Pública Estadual,Nordeste,PE,1º Ano,2024,22,18,4,81.8,594.2,598.0,527.5,633.0,609.5,592.4,11,8.9
Escola 157,Pública Estadual,Nordeste,PE,2º Ano,2024,41,33,8,80.5,540.2,762.2,662.2,621.9,763.6,670.0,4,9.2
Escola 157,Pública Estadual,Nordeste,PE,3º Ano,2024,20,14,6,70.0,607.2,611.7,661.8,729.9,828.2,687.8,10,6.2
Escola 158,Privada,Sudeste,ES,1º Ano,2024,41,34,7,82.9,688.4,681.0,573.9,655.8,613.1,642.4,5,9.2
Escola 158,Privada,Sudeste,ES,2º Ano,2024,30,26,4,86.7,459.1,726.2,544.3,609.1,618.4,591.4,5,3.9
Escola 158,Privada,Sudeste,ES,3º Ano,2024,22,17,5,77.3,528.6,602.1,484.1,657.5,843.0,623.1,15,3.7
Escola 159,Pública Estadual,Sudeste,RJ,1º Ano,2024,22,17,5,77.3,471.5,737.6,645.2,502.6,746.3,620.6,13,8.5
Escola 159,Pública Estadual,Sudeste,RJ,2º Ano,2024,39,27,12,69.2,674.6,699.6,631.8,581.1,815.1,680.4,13,4.6
Escola 159,Pública Estadual,Sudeste,RJ,3º Ano,2024,33,29,4,87.9,685.0,510.7,463.7,669.2,640.0,593.7,6,7.0
Escola 160,Privada,Sudeste,SP,1º Ano,2024,42,32,10,76.2,657.6,529.5,560.8,490.2,553.5,558.3,9,9.2
Escola 160,Privada,Sudeste,SP,2º Ano,2024,31,24,7,77.4,656.5,760.6,616.3,656.7,724.5,682.9,15,9.3
Escola 160,Privada,Sudeste,SP,3º Ano,2024,26,24,2,92.3,484.4,642.9,496.3,714.6,572.0,582.0,15,8.7
Escola 161,Pública Municipal,Sudeste,RJ,1º Ano,2024,40,28,12,70.0,465.1,522.9,654.1,626.2,520.6,557.8,14,8.0
Escola 161,Pública Municipal,Sudeste,RJ,2º Ano,2024,37,28,9,75.7,742.1,574.5,682.0,563.6,773.8,667.2,6,4.9
Escola 161,Pública Municipal,Sudeste,RJ,3º Ano,2024,40,30,10,75.0,618.1,548.7,617.7,518.9,897.7,640.2,14,9.5
Escola 162,Pública Estadual,Norte,AC,1º Ano,2024,38,34,4,89.5,747.7,667.1,524.7,622.8,756.5,663.8,11,4.8
Escola 162,Pública Estadual,Norte,AC,2º Ano,2024,39,32,7,82.1,676.2,541.9,610.2,673.2,857.0,671.7,11,4.8
Escola 162,Pública Estadual,Norte,AC,3º Ano,2024,30,24,6,80.0,592.3,750.2,509.3,483.9,557.5,578.6,7,5.6
Escola 163,Pública Federal,Nordeste,PI,1º Ano,2024,39,34,5,87.2,630.6,593.9,701.8,477.3,618.8,604.5,11,4.3
Escola 163,Pública Federal,Nordeste,PI,2º Ano,2024,21,18,3,85.7,494.1,733.4,535.7,657.3,632.6,610.6,11,9.0
Escola 163,Pública Federal,Nordeste,PI,3º Ano,2024,38,31,7,81.6,503.2,560.3,657.4,571.1,883.5,635.1,6,3.5
Escola 164,Pública Federal,Sul,PR,1º Ano,2024,21,17,4,81.0,501.8,571.7,523.9,617.5,517.7,546.5,11,3.6
Escola 164,Pública Federal,Sul,PR,2º Ano,2024,22,16,6,72.7,461.4,767.3,479.2,640.5,895.1,648.7,13,7.5
Escola 164,Pública Federal,Sul,PR,3º Ano,2024,31,22,9,71.0,565.0,563.7,544.4,688.5,786.0,629.5,13,5.2
Escola 165,Pública Estadual,Norte,AM,1º Ano,2024,20,17,3,85.0,707.9,615.6,583.8,490.1,521.6,583.8,3,4.3
Escola 165,Pública Estadual,Norte,AM,2º Ano,2024,25,23,2,92.0,579.3,622.7,534.6,696.8,703.8,627.4,7,4.6
Escola 165,Pública Estadual,Norte,AM,3º Ano,2024,33,26,7,78.8,527.0,639.6,569.8,729.1,587.7,610.6,15,3.4
Escola 166,Pública Estadual,Sul,RS,1º Ano,2024,27,22,5,81.5,649.2,586.2,527.0,586.1,673.9,604.5,10,4.5
Escola 166,Pública Estadual,Sul,RS,2º Ano,2024,43,33,10,76.7,552.9,532.2,621.5,700.2,611.0,603.6,8,6.9
Escola 166,Pública Estadual,Sul,RS,3º Ano,2024,39,31,8,79.5,494.6,561.4,484.2,505.4,766.1,562.3,4,4.0
Escola 167,Pública Federal,Centro-Oeste,GO,1º Ano,2024,43,36,7,83.7,656.8,486.3,601.3,539.5,551.0,567.0,15,8.0
Escola 167,Pública Federal,Centro-Oeste,GO,2º Ano,2024,34,23,11,67.6,573.8,750.9,578.9,686.2,781.4,674.2,14,9.3
Escola 167,Pública Federal,Centro-Oeste,GO,3º Ano,2024,40,36,4,90.0,505.9,732.6,526.0,655.3,637.4,611.4,14,8.4
Escola 168,Privada,Nordeste,SE,1º Ano,2024,22,15,7,68.2,701.9,592.2,656.2,728.7,820.2,699.8,10,4.4
Escola 168,Privada,Nordeste,SE,2º Ano,2024,41,29,12,70.7,539.5,596.2,536.9,626.4,821.0,624.0,6,6.7
Escola 168,Privada,Nordeste,SE,3º Ano,2024,28,26,2,92.9,608.5,591.4,515.6,495.9,505.0,543.3,12,3.1
Escola 169,Pública Federal,Centro-Oeste,MT,1º Ano,2024,36,31,5,86.1,490.6,537.1,508.7,678.7,640.0,571.0,5,6.2
Escola 169,Pública Federal,Centro-Oeste,MT,2º Ano,2024,22,18,4,81.8,566.7,535.3,653.9,515.0,719.9,598.2,10,8.3
Escola 169,Pública Federal,Centro-Oeste,MT,3º Ano,2024,36,33,3,91.7,614.2,626.6,573.0,577.7,795.0,637.3,15,7.6
Escola 170,Pública Federal,Centro-Oeste,MS,1º Ano,2024,21,16,5,76.2,637.5,573.9,644.7,470.7,793.6,624.1,13,3.8
Escola 170,Pública Federal,Centro-Oeste,MS,2º Ano,2024,32,27,5,84.4,695.2,546.2,632.1,654.9,638.2,633.3,5,4.2
Escola 170,Pública Federal,Centro-Oeste,MS,3º Ano,2024,30,26,4,86.7,501.6,746.9,684.1,699.5,895.1,705.4,10,3.0
Escola 171,Pública Municipal,Sudeste,SP,1º Ano,2024,37,33,4,89.2,503.6,776.4,553.3,504.1,566.7,580.8,11,6.8
Escola 171,Pública Municipal,Sudeste,SP,2º Ano,2024,38,33,5,86.8,565.0,709.9,597.6,607.4,616.6,619.3,9,3.5
Escola 171,Pública Municipal,Sudeste,SP,3º Ano,2024,34,24,10,70.6,704.8,739.3,534.4,694.5,572.5,649.1,15,6.0
Escola 172,Pública Federal,Centro-Oeste,DF,1º Ano,2024,44,32,12,72.7,596.1,650.3,665.5,578.9,523.3,602.8,9,6.3
Escola 172,Pública Federal,Centro-Oeste,DF,2º Ano,2024,40,35,5,87.5,559.5,695.1,662.5,517.5,879.3,662.8,6,3.8
Escola 172,Pública Federal,Centro-Oeste,DF,3º Ano,2024,20,15,5,75.0,746.2,496.0,639.1,703.9,636.1,644.3,9,8.3
Escola 173,Pública Estadual,Sul,PR,1º Ano,2024,34,30,4,88.2,735.4,760.0,640.7,560.9,837.7,706.9,7,8.9
Escola 173,Pública Estadual,Sul,PR,2º Ano,2024,41,38,3,92.7,578.2,724.1,662.3,635.3,625.6,645.1,7,5.5
Escola 173,Pública Estadual,Sul,PR,3º Ano,2024,33,26,7,78.8,569.0,670.6,631.6,655.0,664.7,638.2,4,4.8
Escola 174,Pública Federal,Sudeste,SP,1º Ano,2024,20,18,2,90.0,700.6,731.1,488.5,667.6,885.3,694.6,7,4.2
Escola 174,Pública Federal,Sudeste,SP,2º Ano,2024,36,27,9,75.0,669.5,485.2,583.4,602.0,571.3,582.3,5,4.0
Escola 174,Pública Federal,Sudeste,SP,3º Ano,2024,43,40,3,93.0,655.5,686.9,518.0,581.1,808.2,649.9,5,7.2
Escola 175,Pública Estadual,Sul,PR,1º Ano,2024,27,20,7,74.1,463.3,582.7,490.8,598.4,647.6,556.6,11,9.5
Escola 175,Pública Estadual,Sul,PR,2º Ano,2024,33,23,10,69.7,659.5,495.1,464.9,561.4,534.5,543.1,4,6.4
Escola 175,Pública Estadual,Sul,PR,3º Ano,2024,32,23,9,71.9,669.5,629.9,655.6,632.0,750.2,667.4,6,9.2
Escola 176,Pública Municipal,Nordeste,BA,1º Ano,2024,24,19,5,79.2,626.7,682.5,710.6,702.8,534.5,651.4,8,9.3
Escola 176,Pública Municipal,Nordeste,BA,2º Ano,2024,31,26,5,83.9,652.8,494.4,464.9,595.0,699.3,581.3,8,6.0
Escola 176,Pública Municipal,Nordeste,BA,3º Ano,2024,23,21,2,91.3,513.6,632.7,658.2,661.2,720.6,637.3,6,6.2
Escola 177,Pública Federal,Nordeste,PB,1º Ano,2024,32,26,6,81.2,641.5,485.0,633.6,634.1,535.1,585.9,11,5.4
Escola 177,Pública Federal,Nordeste,PB,2º Ano,2024,41,31,10,75.6,482.7,762.3,506.0,528.7,880.4,632.0,14,4.8
Escola 177,Pública Federal,Nordeste,PB,3º Ano,2024,30,24,6,80.0,469.7,738.5,709.4,720.0,599.8,647.5,10,7.3
Escola 178,Pública Municipal,Sudeste,ES,1º Ano,2024,31,23,8,74.2,463.3,568.4,648.3,616.9,533.2,566.0,10,6.8
Escola 178,Pública Municipal,Sudeste,ES,2º Ano,2024,22,18,4,81.8,610.2,743.5,502.9,638.5,687.2,636.5,9,8.5
Escola 178,Pública Municipal,Sudeste,ES,3º Ano,2024,43,36,7,83.7,661.1,704.9,572.9,475.7,546.3,592.2,9,7.0
Escola 179,Privada,Sudeste,MG,1º Ano,2024,32,25,7,78.1,702.2,505.5,651.6,614.6,720.3,638.8,5,8.6
Escola 179,Privada,Sudeste,MG,2º Ano,2024,42,29,13,69.0,594.2,630.8,539.1,563.9,823.6,630.3,3,6.8
Escola 179,Privada,Sudeste,MG,3º Ano,2024,30,22,8,73.3,509.5,593.2,489.3,538.1,845.9,595.2,5,6.3
Escola 180,Privada,Centro-Oeste,DF,1º Ano,2024,36,31,5,86.1,486.0,622.5,628.2,611.8,587.2,587.1,8,7.3
Escola 180,Privada,Centro-Oeste,DF,2º Ano,2024,45,38,7,84.4,564.6,563.9,637.9,514.9,666.4,589.5,15,6.7
Escola 180,Privada,Centro-Oeste,DF,3º Ano,2024,44,37,7,84.1,496.0,712.1,597.5,532.6,504.3,568.5,15,8.4
Escola 181,Pública Municipal,Centro-Oeste,MS,1º Ano,2024,31,24,7,77.4,745.8,553.7,653.6,630.4,787.6,674.2,3,6.3
Escola 181,Pública Municipal,Centro-Oeste,MS,2º Ano,2024,31,28,3,90.3,537.1,647.3,602.0,709.5,857.5,670.7,15,8.9
Escola 181,Pública Municipal,Centro-Oeste,MS,3º Ano,2024,34,29,5,85.3,499.1,615.8,704.6,706.1,702.4,645.6,6,4.9
Escola 182,Privada,Centro-Oeste,GO,1º Ano,2024,24,22,2,91.7,600.6,761.7,483.1,642.2,534.4,604.4,10,5.9
Escola 182,Privada,Centro-Oeste,GO,2º Ano,2024,23,16,7,69.6,517.8,493.0,473.9,708.3,848.7,608.3,9,3.4
Escola 182,Privada,Centro-Oeste,GO,3º Ano,2024,29,22,7,75.9,677.1,558.5,583.2,629.5,700.8,629.8,13,6.4
Escola 183,Pública Municipal,Sudeste,SP,1º Ano,2024,44,30,14,68.2,697.8,548.3,475.3,687.9,755.3,632.9,14,3.8
Escola 183,Pública Municipal,Sudeste,SP,2º Ano,2024,37,31,6,83.8,526.6,482.4,484.3,683.4,598.9,555.1,15,8.0
Escola 183,Pública Municipal,Sudeste,SP,3º Ano,2024,38,28,10,73.7,556.6,670.9,684.7,698.8,732.1,668.6,10,8.0
Escola 184,Pública Estadual,Nordeste,PB,1º Ano,2024,27,23,4,85.2,663.2,765.2,543.8,489.6,792.6,650.9,14,8.7
Escola 184,Pública Estadual,Nordeste,PB,2º Ano,2024,29,23,6,79.3,622.0,509.6,695.0,635.2,797.7,651.9,6,4.3
Escola 184,Pública Estadual,Nordeste,PB,3º Ano,2024,32,29,3,90.6,636.3,612.9,586.7,481.6,899.1,643.3,12,3.7
Escola 185,Privada,Sudeste,RJ,1º Ano,2024,42,36,6,85.7,676.2,739.7,665.0,527.9,708.9,663.5,5,8.5
Escola 185,Privada,Sudeste,RJ,2º Ano,2024,32,25,7,78.1,486.4,621.0,625.1,672.5,651.4,611.3,4,3.9
Escola 185,Privada,Sudeste,RJ,3º Ano,2024,32,25,7,78.1,635.1,515.5,649.7,619.3,726.6,629.2,5,7.7
Escola 186,Privada,Norte,AP,1º Ano,2024,20,17,3,85.0,600.7,670.2,641.0,568.0,682.4,632.5,15,4.9
Escola 186,Privada,Norte,AP,2º Ano,2024,37,32,5,86.5,561.3,659.1,575.0,717.9,740.2,650.7,10,6.2
Escola 186,Privada,Norte,AP,3º Ano,2024,35,26,9,74.3,649.6,721.7,591.8,480.2,684.9,625.6,3,7.8
Escola 187,Privada,Centro-Oeste,GO,1º Ano,2024,26,22,4,84.6,524.5,622.5,677.8,528.2,595.5,589.7,10,8.0
Escola 187,Privada,Centro-Oeste,GO,2º Ano,2024,42,30,12,71.4,649.3,532.7,589.7,600.0,826.4,639.6,10,3.3
Escola 187,Privada,Centro-Oeste,GO,3º Ano,2024,27,23,4,85.2,613.4,761.8,528.0,574.7,797.6,655.1,15,5.3
Escola 188,Pública Municipal,Norte,PA,1º Ano,2024,24,17,7,70.8,515.4,671.5,593.6,584.1,724.2,617.8,5,8.2
Escola 188,Pública Municipal,Norte,PA,2º Ano,2024,36,29,7,80.6,454.5,529.3,645.7,645.8,562.6,567.6,13,8.3
Escola 188,Pública Municipal,Norte,PA,3º Ano,2024,30,26,4,86.7,711.2,630.0,620.8,526.7,704.8,638.7,11,4.4
Escola 189,Pública Municipal,Norte,RR,1º Ano,2024,43,36,7,83.7,470.5,688.5,616.3,658.8,667.0,620.2,6,7.5
Escola 189,Pública Municipal,Norte,RR,2º Ano,2024,40,28,12,70.0,672.3,547.5,539.7,632.4,725.2,623.4,10,5.0
Escola 189,Pública Municipal,Norte,RR,3º Ano,2024,34,23,11,67.6,613.8,746.9,600.7,573.2,549.6,616.8,14,5.9
Escola 190,Pública Estadual,Nordeste,PI,1º Ano,2024,40,31,9,77.5,625.7,551.9,512.5,567.2,815.0,614.5,14,8.6
Escola 190,Pública Estadual,Nordeste,PI,2º Ano,2024,39,29,10,74.4,575.3,522.4,640.9,650.5,656.7,609.2,10,4.2
Escola 190,Pública Estadual,Nordeste,PI,3º Ano,2024,20,16,4,80.0,563.8,647.9,588.0,491.7,785.3,615.3,5,8.5
Escola 191,Pública Federal,Norte,AC,1º Ano,2024,34,24,10,70.6,653.1,665.9,592.8,500.9,544.5,591.4,7,8.1
Escola 191,Pública Federal,Norte,AC,2º Ano,2024,42,35,7,83.3,690.6,527.6,691.5,593.8,531.4,607.0,11,8.6
Escola 191,Pública Federal,Norte,AC,3º Ano,2024,37,34,3,91.9,743.2,525.0,480.5,497.2,722.1,593.6,13,5.6
Escola 192,Pública Federal,Sudeste,RJ,1º Ano,2024,29,23,6,79.3,710.4,670.2,583.2,546.8,875.3,677.2,10,8.8
Escola 192,Pública Federal,Sudeste,RJ,2º Ano,2024,28,25,3,89.3,533.6,730.6,549.8,548.0,534.4,579.3,5,9.2
Escola 192,Pública Federal,Sudeste,RJ,3º Ano,2024,26,24,2,92.3,552.1,656.1,567.9,726.8,620.7,624.7,12,3.6
Escola 193,Privada,Norte,PA,1º Ano,2024,20,17,3,85.0,564.6,549.8,567.1,550.0,659.8,578.3,3,3.4
Escola 193,Privada,Norte,PA,2º Ano,2024,29,22,7,75.9,547.7,749.8,542.4,639.4,525.7,601.0,12,3.6
Escola 193,Privada,Norte,PA,3º Ano,2024,31,23,8,74.2,527.9,485.9,562.1,583.1,670.8,566.0,15,7.1
Escola 194,Privada,Norte,RR,1º Ano,2024,40,28,12,70.0,703.8,559.4,540.3,559.0,609.6,594.4,7,6.6
Escola 194,Privada,Norte,RR,2º Ano,2024,33,25,8,75.8,625.2,685.5,542.3,560.0,509.8,584.6,3,7.3
Escola 194,Privada,Norte,RR,3º Ano,2024,26,24,2,92.3,670.5,502.8,595.4,480.2,854.9,620.8,6,6.9
Escola 195,Pública Federal,Norte,RO,1º Ano,2024,23,20,3,87.0,511.3,755.3,482.3,479.0,747.3,595.0,12,3.7
Escola 195,Pública Federal,Norte,RO,2º Ano,2024,25,20,5,80.0,736.1,751.3,532.9,665.7,886.4,714.5,7,7.9
Escola 195,Pública Federal,Norte,RO,3º Ano,2024,42,29,13,69.0,633.0,509.4,668.2,638.2,644.9,618.7,12,3.6
Escola 196,Privada,Sul,RS,1º Ano,2024,38,33,5,86.8,732.6,677.6,672.7,678.2,550.8,662.4,12,9.5
Escola 196,Privada,Sul,RS,2º Ano,2024,24,22,2,91.7,578.5,626.9,664.2,498.9,777.7,629.2,12,4.1
Escola 196,Privada,Sul,RS,3º Ano,2024,29,27,2,93.1,673.0,522.0,660.0,706.6,584.8,629.3,3,5.8
Escola 197,Pública Estadual,Centro-Oeste,DF,1º Ano,2024,36,27,9,75.0,727.1,676.7,504.2,564.7,665.8,627.7,12,3.6
Escola 197,Pública Estadual,Centro-Oeste,DF,2º Ano,2024,34,27,7,79.4,654.6,651.9,462.0,631.2,534.2,586.8,10,3.9
Escola 197,Pública Estadual,Centro-Oeste,DF,3º Ano,2024,24,18,6,75.0,733.8,690.9,606.9,534.7,583.8,630.0,6,3.5
Escola 198,Pública Federal,Sul,SC,1º Ano,2024,33,24,9,72.7,676.3,737.5,647.1,656.8,892.6,722.1,14,8.4
Escola 198,Pública Federal,Sul,SC,2º Ano,2024,20,17,3,85.0,665.6,779.2,639.9,619.4,541.4,649.1,15,5.9
Escola 198,Pública Federal,Sul,SC,3º Ano,2024,35,25,10,71.4,699.8,645.2,598.3,628.6,569.3,628.2,11,7.2
Escola 199,Pública Federal,Nordeste,AL,1º Ano,2024,37,27,10,73.0,725.2,600.1,557.6,625.5,501.6,602.0,11,5.8
Escola 199,Pública Federal,Nordeste,AL,2º Ano,2024,40,30,10,75.0,710.0,768.2,691.8,636.1,675.7,696.4,6,3.9
Escola 199,Pública Federal,Nordeste,AL,3º Ano,2024,42,31,11,73.8,721.9,767.4,525.6,692.6,580.0,657.5,11,7.7
Escola 200,Privada,Centro-Oeste,DF,1º Ano,2024,25,19,6,76.0,481.2,582.7,495.5,605.6,694.1,571.8,11,4.8
Escola 200,Privada,Centro-Oeste,DF,2º Ano,2024,31,26,5,83.9,533.3,619.7,641.1,585.1,624.9,600.8,7,4.7
Escola 200,Privada,Centro-Oeste,DF,3º Ano,2024,20,15,5,75.0,625.9,680.3,468.7,649.8,573.0,599.5,8,4.4
